2018-5-4-2-27-47,22868817,22886289,22904017,22897667,22857725,22871355,22885104,22800911
2018-5-4-2-28-47,22868817,22886289,22904017,22897667,22857725,22871355,22885104,22800911
2018-5-4-2-29-48,22868817,22886289,22904017,22897667,22857725,22871355,22885104,22800911
2018-5-4-2-30-49,22868817,22886289,22904017,22897667,22857725,22871355,22885104,22800911
2018-5-4-2-31-50,22868817,22886289,22904017,22897667,22857725,22871355,22885104,22800911
2018-5-4-2-32-52,22868817,22886289,22904017,22897667,22857725,22871355,22885104,22800911
2018-5-4-2-33-52,22868817,22886289,22904017,22897667,22857725,22871355,22885104,22800911
2018-5-4-2-34-53,22868817,22887633,22886289,22904017,22889380,22853028,22885104,22800911
2018-5-4-2-35-54,22868817,22887633,22886289,22904017,22889380,22853028,22885104,22800911
2018-5-4-2-36-55,22868817,22887633,22886289,22904017,22889380,22853028,22885104,22800911
2018-5-4-2-37-56,22868817,22887633,22886289,22904017,22889380,22853028,22885104,22800911
2018-5-4-2-38-56,22868817,22887633,22886289,22904017,22889380,22853028,22885104,22800911
2018-5-4-2-39-57,22868817,22887633,22886289,22904017,22889380,22853028,22885104,22800911
2018-5-4-2-40-59,22868817,22887633,22886289,22904017,22889380,22853028,22885104,22800911
2018-5-4-2-42-0,22868817,22887633,22886289,22904017,22889380,22853028,22885104,22800911
2018-5-4-2-43-1,22868817,22887633,22886289,22904017,22889380,22853028,22885104,22800911
2018-5-4-2-44-1,22868817,22887633,22886289,22904017,22728382,22881942,22867579,22834053
2018-5-4-2-45-1,22868817,22887633,22886289,22904017,22728382,22881942,22867579,22834053
2018-5-4-2-46-3,22868817,22887633,22886289,22904017,22728382,22881942,22867579,22834053
2018-5-4-2-47-3,22868817,22887633,22886289,22904017,22728382,22881942,22867579,22834053
2018-5-4-2-48-4,22868817,22887633,22886289,22904017,22728382,22881942,22867579,22834053
2018-5-4-2-49-6,22868817,22887633,22886289,22904017,22728382,22881942,22867579,22834053
2018-5-4-2-50-7,22868817,22887633,22886289,22904017,22728382,22881942,22867579,22834053
2018-5-4-2-51-8,22868817,22887633,22886289,22904017,22728382,22881942,22867579,22834053
2018-5-4-2-52-9,22868817,22887633,22886289,22904017,22728382,22881942,22867579,22834053
2018-5-4-2-53-10,22868817,22904017,22728382,22897667,22853028,22813470,22833279,22831147
2018-5-4-2-54-11,22868817,22887633,22886289,22904017,22728382,22881942,22867579,22834053
2018-5-4-2-55-12,22868817,22904017,22728382,22897667,22853028,22813470,22833279,22831147
2018-5-4-2-56-13,22868817,22904017,22728382,22897667,22853028,22813470,22833279,22831147
2018-5-4-2-57-14,22868817,22904017,22728382,22897667,22853028,22813470,22833279,22831147
2018-5-4-2-58-15,22868817,22904017,22728382,22897667,22853028,22813470,22833279,22831147
2018-5-4-2-59-16,22868817,22904017,22728382,22897667,22853028,22813470,22833279,22831147
2018-5-4-3-0-17,22868817,22904017,22728382,22897667,22853028,22813470,22833279,22831147
2018-5-4-3-1-18,22868817,22904017,22728382,22897667,22853028,22813470,22833279,22831147
2018-5-4-3-2-19,22904017,22728382,22897667,22889380,22887857,22832807,22834053,22887633
2018-5-4-3-3-20,22868817,22904017,22728382,22897667,22853028,22813470,22833279,22831147
2018-5-4-3-4-21,22904017,22728382,22897667,22889380,22887857,22832807,22834053,22887633
2018-5-4-3-5-21,22904017,22728382,22897667,22889380,22887857,22832807,22834053,22887633
2018-5-4-3-6-22,22904017,22728382,22897667,22889380,22887857,22832807,22834053,22887633
2018-5-4-3-7-23,22904017,22728382,22897667,22889380,22887857,22832807,22834053,22887633
2018-5-4-3-8-24,22904017,22728382,22897667,22889380,22887857,22832807,22834053,22887633
2018-5-4-3-9-25,22904017,22728382,22897667,22889380,22887857,22832807,22834053,22887633
2018-5-4-3-10-25,22904017,22728382,22897667,22889380,22887857,22832807,22834053,22887633
2018-5-4-3-11-25,22904017,22728382,22897667,22889380,22887857,22832807,22834053,22887633
2018-5-4-3-12-26,22868817,22832807,22881942,22897667,22888435,22853028,22887857,22898158
2018-5-4-3-13-27,22904017,22728382,22897667,22889380,22887857,22832807,22834053,22887633
2018-5-4-3-14-29,22904017,22728382,22897667,22889380,22887857,22832807,22834053,22887633
2018-5-4-3-15-30,22868817,22832807,22881942,22897667,22888435,22853028,22887857,22898158
2018-5-4-3-16-31,22868817,22832807,22881942,22897667,22888435,22853028,22887857,22898158
2018-5-4-3-17-32,22868817,22832807,22881942,22897667,22888435,22853028,22887857,22898158
2018-5-4-3-18-33,22868817,22832807,22881942,22897667,22888435,22853028,22887857,22898158
2018-5-4-3-19-35,22868817,22832807,22881942,22897667,22888435,22853028,22887857,22898158
2018-5-4-3-20-36,22868817,22832807,22881942,22897667,22888435,22853028,22887857,22898158
2018-5-4-3-21-37,22868817,22832807,22881942,22897667,22888435,22853028,22887857,22898158
2018-5-4-3-22-38,22868817,22832807,22886289,22888224,22904017,22889380,22853028,22887857
2018-5-4-3-23-39,22868817,22832807,22881942,22897667,22888435,22853028,22887857,22898158
2018-5-4-3-24-40,22868817,22832807,22881942,22897667,22888435,22853028,22887857,22898158
2018-5-4-3-25-41,22868817,22832807,22886289,22888224,22904017,22889380,22853028,22887857
2018-5-4-3-26-42,22868817,22832807,22886289,22888224,22904017,22889380,22853028,22887857
2018-5-4-3-27-43,22868817,22832807,22886289,22888224,22904017,22889380,22853028,22887857
2018-5-4-3-28-44,22868817,22832807,22886289,22888224,22904017,22889380,22853028,22887857
2018-5-4-3-29-45,22868817,22832807,22886289,22888224,22904017,22889380,22853028,22887857
2018-5-4-3-30-46,22868817,22832807,22886289,22888224,22904017,22889380,22853028,22887857
2018-5-4-3-31-47,22868817,22832807,22886289,22888224,22904017,22889380,22853028,22887857
2018-5-4-3-32-48,22868817,22832807,22886289,22888224,22904017,22889380,22853028,22887857
2018-5-4-3-33-49,22868817,22888224,22904017,22897667,22889380,22881942,22838980,22832807
2018-5-4-3-34-50,22868817,22888224,22904017,22897667,22889380,22881942,22838980,22832807
2018-5-4-3-35-52,22868817,22888224,22904017,22897667,22889380,22881942,22838980,22832807
2018-5-4-3-36-53,22868817,22888224,22904017,22897667,22889380,22881942,22838980,22832807
2018-5-4-3-37-54,22868817,22888224,22904017,22897667,22889380,22881942,22838980,22832807
2018-5-4-3-38-54,22868817,22888224,22904017,22897667,22889380,22881942,22838980,22832807
2018-5-4-3-39-55,22868817,22888224,22904017,22897667,22889380,22881942,22838980,22832807
2018-5-4-3-40-56,22868817,22888224,22904017,22897667,22889380,22881942,22838980,22832807
2018-5-4-3-41-57,22868817,22888224,22904017,22897667,22889380,22881942,22838980,22832807
2018-5-4-3-42-58,22868817,22888224,22904017,22897667,22889380,22881942,22838980,22832807
2018-5-4-3-43-59,22868817,22886289,22888224,22888435,22871355,22885104,22832807,22834053
2018-5-4-3-44-59,22868817,22886289,22888224,22888435,22871355,22885104,22832807,22834053
2018-5-4-3-45-59,22868817,22886289,22888224,22888435,22871355,22885104,22832807,22834053
2018-5-4-3-47-1,22868817,22886289,22888224,22888435,22871355,22885104,22832807,22834053
2018-5-4-3-48-2,22868817,22886289,22888224,22888435,22871355,22885104,22832807,22834053
2018-5-4-3-49-3,22868817,22886289,22888224,22888435,22871355,22885104,22832807,22834053
2018-5-4-3-50-4,22868817,22886289,22888224,22888435,22871355,22885104,22832807,22834053
2018-5-4-3-51-5,22868817,22897667,22728382,22838980,22832807,22831147,22862450,22886289
2018-5-4-3-52-6,22868817,22886289,22888224,22888435,22871355,22885104,22832807,22834053
2018-5-4-3-53-8,22868817,22886289,22888224,22888435,22871355,22885104,22832807,22834053
2018-5-4-3-54-9,22868817,22886289,22888224,22888435,22871355,22885104,22832807,22834053
2018-5-4-3-55-9,22868817,22897667,22728382,22838980,22832807,22831147,22862450,22886289
2018-5-4-3-56-10,22868817,22897667,22728382,22838980,22832807,22831147,22862450,22886289
2018-5-4-3-57-11,22868817,22897667,22728382,22838980,22832807,22831147,22862450,22886289
2018-5-4-3-58-12,22868817,22897667,22728382,22838980,22832807,22831147,22862450,22886289
2018-5-4-3-59-12,22868817,22897667,22728382,22838980,22832807,22831147,22862450,22886289
2018-5-4-4-0-13,22868817,22897667,22728382,22838980,22832807,22831147,22862450,22886289
2018-5-4-4-1-13,22868817,22897667,22728382,22838980,22832807,22831147,22862450,22886289
2018-5-4-4-2-14,22728382,22838980,22898158,22834053,22833279,22886289,22862450,22873775
2018-5-4-4-3-14,22728382,22838980,22898158,22834053,22833279,22886289,22862450,22873775
2018-5-4-4-4-15,22728382,22838980,22898158,22834053,22833279,22886289,22862450,22873775
2018-5-4-4-5-15,22728382,22838980,22898158,22834053,22833279,22886289,22862450,22873775
2018-5-4-4-6-16,22728382,22838980,22898158,22834053,22833279,22886289,22862450,22873775
2018-5-4-4-7-17,22728382,22838980,22898158,22834053,22833279,22886289,22862450,22873775
2018-5-4-4-8-17,22728382,22838980,22898158,22834053,22833279,22886289,22862450,22873775
2018-5-4-4-9-18,22728382,22838980,22898158,22834053,22833279,22886289,22862450,22873775
2018-5-4-4-10-18,22728382,22838980,22898158,22834053,22833279,22886289,22862450,22873775
2018-5-4-4-11-19,22728382,22838980,22898158,22834053,22833279,22886289,22862450,22873775
2018-5-4-4-12-20,22728382,22838980,22898158,22834053,22833279,22886289,22862450,22873775
2018-5-4-4-13-20,22871355,22881942,22881237,22888224,22889380,22838980,22832807,22885104
2018-5-4-4-14-23,22871355,22881942,22881237,22888224,22889380,22838980,22832807,22885104
2018-5-4-4-15-23,22871355,22881942,22881237,22888224,22889380,22838980,22832807,22885104
2018-5-4-4-16-24,22871355,22881942,22881237,22888224,22889380,22838980,22832807,22885104
2018-5-4-4-17-24,22871355,22881942,22881237,22888224,22889380,22838980,22832807,22885104
2018-5-4-4-18-25,22871355,22881942,22881237,22888224,22889380,22838980,22832807,22885104
2018-5-4-4-19-26,22871355,22881942,22881237,22888224,22889380,22838980,22832807,22885104
2018-5-4-4-20-26,22871355,22881942,22881237,22888224,22889380,22838980,22832807,22885104
2018-5-4-4-21-26,22871355,22881942,22881237,22888224,22889380,22838980,22832807,22885104
2018-5-4-4-22-27,22871355,22881942,22881237,22888224,22889380,22838980,22832807,22885104
2018-5-4-4-23-28,22868817,22897667,22904017,22889380,22881942,22857725,22898158,22885104
2018-5-4-4-24-29,22871355,22881942,22881237,22888224,22889380,22838980,22832807,22885104
2018-5-4-4-25-31,22868817,22897667,22904017,22889380,22881942,22857725,22898158,22885104
2018-5-4-4-26-31,22868817,22897667,22904017,22889380,22881942,22857725,22898158,22885104
2018-5-4-4-27-32,22868817,22897667,22904017,22889380,22881942,22857725,22898158,22885104
2018-5-4-4-28-33,22868817,22897667,22904017,22889380,22881942,22857725,22898158,22885104
2018-5-4-4-29-34,22868817,22897667,22904017,22889380,22881942,22857725,22898158,22885104
2018-5-4-4-30-34,22868817,22897667,22904017,22889380,22881942,22857725,22898158,22885104
2018-5-4-4-31-35,22868817,22897667,22904017,22889380,22881942,22857725,22898158,22885104
2018-5-4-4-32-36,22868817,22897667,22904017,22889380,22881942,22857725,22898158,22885104
2018-5-4-4-33-37,22868817,22897667,22904017,22889380,22881942,22857725,22898158,22885104
2018-5-4-4-34-38,22871355,22868817,22904017,22889380,22832807,22813470,22910122,22834053
2018-5-4-4-35-39,22871355,22868817,22904017,22889380,22832807,22813470,22910122,22834053
2018-5-4-4-36-40,22871355,22868817,22904017,22889380,22832807,22813470,22910122,22834053
2018-5-4-4-37-41,22871355,22868817,22904017,22889380,22832807,22813470,22910122,22834053
2018-5-4-4-38-42,22871355,22868817,22904017,22889380,22832807,22813470,22910122,22834053
2018-5-4-4-39-43,22871355,22868817,22904017,22889380,22832807,22813470,22910122,22834053
2018-5-4-4-40-43,22871355,22868817,22904017,22889380,22832807,22813470,22910122,22834053
2018-5-4-4-41-45,22871355,22868817,22904017,22889380,22832807,22813470,22910122,22834053
2018-5-4-4-42-46,22871355,22868817,22904017,22889380,22832807,22813470,22910122,22834053
2018-5-4-4-43-46,22871355,22868817,22904017,22889380,22832807,22813470,22910122,22834053
2018-5-4-4-44-48,22871355,22868817,22904017,22889380,22832807,22813470,22910122,22834053
2018-5-4-4-45-49,22868817,22904017,22897667,22888435,22881942,22871355,22832807,22838980
2018-5-4-4-46-49,22868817,22904017,22897667,22888435,22881942,22871355,22832807,22838980
2018-5-4-4-47-50,22868817,22904017,22897667,22888435,22881942,22871355,22832807,22838980
2018-5-4-4-48-50,22868817,22904017,22897667,22888435,22881942,22871355,22832807,22838980
2018-5-4-4-49-51,22868817,22904017,22897667,22888435,22881942,22871355,22832807,22838980
2018-5-4-4-50-51,22868817,22904017,22897667,22888435,22881942,22871355,22832807,22838980
2018-5-4-4-51-52,22728382,22881942,22889380,22871355,22832807,22813470,22910122,22834053
2018-5-4-4-52-53,22728382,22881942,22889380,22871355,22832807,22813470,22910122,22834053
2018-5-4-4-53-53,22728382,22881942,22889380,22871355,22832807,22813470,22910122,22834053
2018-5-4-4-54-54,22868817,22904017,22897667,22888435,22881942,22871355,22832807,22838980
2018-5-4-4-55-54,22728382,22881942,22889380,22871355,22832807,22813470,22910122,22834053
2018-5-4-4-56-55,22728382,22881942,22889380,22871355,22832807,22813470,22910122,22834053
2018-5-4-4-57-56,22728382,22881942,22889380,22871355,22832807,22813470,22910122,22834053
2018-5-4-4-58-56,22728382,22881942,22889380,22871355,22832807,22813470,22910122,22834053
2018-5-4-4-59-57,22728382,22881942,22889380,22871355,22832807,22813470,22910122,22834053
2018-5-4-5-0-58,22728382,22888435,22881942,22898158,22871355,22838980,22831147,22875698
2018-5-4-5-1-59,22728382,22888435,22881942,22898158,22871355,22838980,22831147,22875698
2018-5-4-5-3-0,22728382,22888435,22881942,22898158,22871355,22838980,22831147,22875698
2018-5-4-5-4-1,22728382,22888435,22881942,22898158,22871355,22838980,22831147,22875698
2018-5-4-5-5-2,22728382,22888435,22881942,22898158,22871355,22838980,22831147,22875698
2018-5-4-5-6-3,22728382,22888435,22881942,22898158,22871355,22838980,22831147,22875698
2018-5-4-5-7-3,22728382,22888435,22881942,22898158,22871355,22838980,22831147,22875698
2018-5-4-5-8-4,22728382,22888435,22881942,22898158,22871355,22838980,22831147,22875698
2018-5-4-5-9-5,22728382,22888435,22881942,22898158,22871355,22838980,22831147,22875698
2018-5-4-5-10-5,22728382,22888435,22881942,22898158,22871355,22838980,22831147,22875698
2018-5-4-5-11-5,22728382,22888435,22881942,22898158,22871355,22838980,22831147,22875698
2018-5-4-5-12-6,22871355,22838980,22886289,22870748,22875698,22881942,22905267,22889380
2018-5-4-5-13-8,22871355,22838980,22886289,22870748,22875698,22881942,22905267,22889380
2018-5-4-5-14-10,22871355,22838980,22886289,22870748,22875698,22881942,22905267,22889380
2018-5-4-5-15-11,22871355,22838980,22886289,22870748,22875698,22881942,22905267,22889380
2018-5-4-5-16-11,22871355,22838980,22886289,22870748,22875698,22881942,22905267,22889380
2018-5-4-5-17-12,22871355,22838980,22886289,22870748,22875698,22881942,22905267,22889380
2018-5-4-5-18-14,22871355,22838980,22886289,22870748,22875698,22881942,22905267,22889380
2018-5-4-5-19-15,22871355,22838980,22886289,22870748,22875698,22881942,22905267,22889380
2018-5-4-5-20-15,22871355,22838980,22886289,22870748,22875698,22881942,22905267,22889380
2018-5-4-5-21-16,22871355,22838980,22886289,22870748,22875698,22881942,22905267,22889380
2018-5-4-5-22-17,22871355,22838980,22886289,22870748,22875698,22881942,22905267,22889380
2018-5-4-5-23-18,22871355,22838980,22886289,22870748,22875698,22881942,22905267,22889380
2018-5-4-5-24-20,22871355,22838980,22886289,22870748,22875698,22881942,22905267,22889380
2018-5-4-5-25-20,22871355,22838980,22912087,22886289,22888224,22888435,22881942,22887857
2018-5-4-5-26-21,22871355,22838980,22912087,22886289,22888224,22888435,22881942,22887857
2018-5-4-5-27-21,22871355,22838980,22912087,22886289,22888224,22888435,22881942,22887857
2018-5-4-5-28-21,22871355,22838980,22912087,22886289,22888224,22888435,22881942,22887857
2018-5-4-5-29-23,22871355,22838980,22912087,22886289,22888224,22888435,22881942,22887857
2018-5-4-5-30-24,22871355,22838980,22912087,22886289,22888224,22888435,22881942,22887857
2018-5-4-5-31-25,22912087,22831147,22887633,22888224,22881942,22889380,22853028,22813470
2018-5-4-5-32-25,22912087,22831147,22887633,22888224,22881942,22889380,22853028,22813470
2018-5-4-5-33-25,22912087,22831147,22887633,22888224,22881942,22889380,22853028,22813470
2018-5-4-5-34-26,22912087,22831147,22887633,22888224,22881942,22889380,22853028,22813470
2018-5-4-5-35-27,22912087,22831147,22887633,22888224,22881942,22889380,22853028,22813470
2018-5-4-5-36-27,22912087,22831147,22887633,22888224,22881942,22889380,22853028,22813470
2018-5-4-5-37-29,22912087,22831147,22887633,22888224,22881942,22889380,22853028,22813470
2018-5-4-5-38-30,22912087,22831147,22887633,22888224,22881942,22889380,22853028,22813470
2018-5-4-5-39-30,22912087,22831147,22887633,22888224,22881942,22889380,22853028,22813470
2018-5-4-5-40-31,22912087,22831147,22887633,22888224,22881942,22889380,22853028,22813470
2018-5-4-5-41-31,22912087,22831147,22887633,22728382,22881237,22888435,22889380,22864323
2018-5-4-5-42-32,22912087,22831147,22887633,22728382,22881237,22888435,22889380,22864323
2018-5-4-5-43-32,22912087,22831147,22887633,22728382,22881237,22888435,22889380,22864323
2018-5-4-5-44-32,22912087,22831147,22887633,22728382,22881237,22888435,22889380,22864323
2018-5-4-5-45-33,22912087,22831147,22887633,22728382,22881237,22888435,22889380,22864323
2018-5-4-5-46-33,22912087,22831147,22887633,22728382,22881237,22888435,22889380,22864323
2018-5-4-5-47-34,22912087,22831147,22887633,22728382,22881237,22888435,22889380,22864323
2018-5-4-5-48-34,22912087,22831147,22887633,22728382,22881237,22888435,22889380,22864323
2018-5-4-5-49-35,22912087,22831147,22887633,22728382,22881237,22888435,22889380,22864323
2018-5-4-5-50-37,22912087,22831147,22887633,22728382,22881237,22888435,22889380,22864323
2018-5-4-5-51-38,22871355,22912087,22887633,22898158,22870748,22864323,22862450,22888435
2018-5-4-5-52-39,22871355,22912087,22887633,22898158,22870748,22864323,22862450,22888435
2018-5-4-5-53-40,22871355,22912087,22887633,22898158,22870748,22864323,22862450,22888435
2018-5-4-5-54-41,22871355,22912087,22887633,22898158,22870748,22864323,22862450,22888435
2018-5-4-5-55-41,22871355,22912087,22887633,22898158,22870748,22864323,22862450,22888435
2018-5-4-5-56-41,22871355,22912087,22887633,22898158,22870748,22864323,22862450,22888435
2018-5-4-5-57-42,22871355,22912087,22887633,22898158,22870748,22864323,22862450,22888435
2018-5-4-5-58-43,22871355,22912087,22887633,22898158,22870748,22864323,22862450,22888435
2018-5-4-5-59-44,22871355,22912087,22887633,22898158,22870748,22864323,22862450,22888435
2018-5-4-6-0-45,22871355,22912087,22887633,22898158,22870748,22864323,22862450,22888435
2018-5-4-6-1-46,22871355,22912087,22887633,22898158,22870748,22864323,22862450,22888435
2018-5-4-6-2-46,22898158,22728382,22881942,22838980,22867579,22862450,22886289,22831147
2018-5-4-6-3-47,22898158,22728382,22881942,22838980,22867579,22862450,22886289,22831147
2018-5-4-6-4-47,22898158,22728382,22881942,22838980,22867579,22862450,22886289,22831147
2018-5-4-6-5-47,22898158,22728382,22881942,22838980,22867579,22862450,22886289,22831147
2018-5-4-6-6-48,22898158,22728382,22881942,22838980,22867579,22862450,22886289,22831147
2018-5-4-6-7-48,22898158,22728382,22881942,22838980,22867579,22862450,22886289,22831147
2018-5-4-6-8-49,22898158,22728382,22881942,22838980,22867579,22862450,22886289,22831147
2018-5-4-6-9-50,22898158,22728382,22881942,22838980,22867579,22862450,22886289,22831147
2018-5-4-6-10-50,22898158,22728382,22881942,22838980,22867579,22862450,22886289,22831147
2018-5-4-6-11-51,22898158,22728382,22881942,22838980,22867579,22862450,22886289,22831147
2018-5-4-6-12-51,22871355,22889380,22728382,22888224,22881237,22875698,22881942,22853028
2018-5-4-6-13-52,22871355,22889380,22728382,22888224,22881237,22875698,22881942,22853028
2018-5-4-6-14-52,22871355,22889380,22728382,22888224,22881237,22875698,22881942,22853028
2018-5-4-6-15-52,22871355,22889380,22728382,22888224,22881237,22875698,22881942,22853028
2018-5-4-6-16-54,22871355,22889380,22728382,22888224,22881237,22875698,22881942,22853028
2018-5-4-6-17-55,22871355,22889380,22728382,22888224,22881237,22875698,22881942,22853028
2018-5-4-6-18-56,22871355,22889380,22728382,22888224,22881237,22875698,22881942,22853028
2018-5-4-6-19-56,22871355,22889380,22728382,22888224,22881237,22875698,22881942,22853028
2018-5-4-6-20-56,22871355,22889380,22728382,22888224,22881237,22875698,22881942,22853028
2018-5-4-6-21-57,22871355,22889380,22728382,22888224,22881237,22875698,22881942,22853028
2018-5-4-6-22-58,22889380,22886289,22831147,22898158,22875698,22881942,22905267,22857725
2018-5-4-6-23-58,22889380,22886289,22831147,22898158,22875698,22881942,22905267,22857725
2018-5-4-6-24-59,22889380,22886289,22831147,22898158,22875698,22881942,22905267,22857725
2018-5-4-6-25-59,22889380,22886289,22831147,22898158,22875698,22881942,22905267,22857725
2018-5-4-6-27-1,22889380,22886289,22831147,22898158,22875698,22881942,22905267,22857725
2018-5-4-6-28-2,22889380,22886289,22831147,22898158,22875698,22881942,22905267,22857725
2018-5-4-6-29-3,22889380,22886289,22831147,22898158,22875698,22881942,22905267,22857725
2018-5-4-6-30-4,22889380,22886289,22831147,22898158,22875698,22881942,22905267,22857725
2018-5-4-6-31-4,22889380,22886289,22831147,22898158,22875698,22881942,22905267,22857725
2018-5-4-6-32-5,22889380,22886289,22831147,22898158,22875698,22881942,22905267,22857725
2018-5-4-6-33-6,22871355,22912087,22886289,22887633,22888224,22881237,22833279,22865263
2018-5-4-6-34-6,22871355,22912087,22886289,22887633,22888224,22881237,22833279,22865263
2018-5-4-6-35-7,22871355,22912087,22886289,22887633,22888224,22881237,22833279,22865263
2018-5-4-6-36-7,22871355,22912087,22886289,22887633,22888224,22881237,22833279,22865263
2018-5-4-6-37-8,22871355,22912087,22886289,22887633,22888224,22881237,22833279,22865263
2018-5-4-6-38-8,22871355,22912087,22886289,22887633,22888224,22881237,22833279,22865263
2018-5-4-6-39-9,22871355,22912087,22886289,22887633,22888224,22881237,22833279,22865263
2018-5-4-6-40-10,22871355,22912087,22886289,22887633,22888224,22881237,22833279,22865263
2018-5-4-6-41-10,22871355,22912087,22886289,22887633,22888224,22881237,22833279,22865263
2018-5-4-6-42-10,22871355,22912087,22886289,22887633,22888224,22881237,22833279,22865263
2018-5-4-6-43-11,22871355,22912087,22888224,22881942,22905267,22833279,22864323,22838980
2018-5-4-6-44-12,22871355,22912087,22888224,22881942,22905267,22833279,22864323,22838980
2018-5-4-6-45-13,22871355,22912087,22888224,22881942,22905267,22833279,22864323,22838980
2018-5-4-6-46-14,22871355,22912087,22888224,22881942,22905267,22833279,22864323,22838980
2018-5-4-6-47-16,22871355,22912087,22888224,22881942,22905267,22833279,22864323,22838980
2018-5-4-6-48-17,22871355,22912087,22888224,22881942,22905267,22833279,22864323,22838980
2018-5-4-6-49-19,22871355,22912087,22888224,22881942,22905267,22833279,22864323,22838980
2018-5-4-6-50-20,22871355,22912087,22888224,22881942,22905267,22833279,22864323,22838980
2018-5-4-6-51-21,22871355,22912087,22888224,22881942,22905267,22833279,22864323,22838980
2018-5-4-6-52-22,22871355,22912087,22887633,22889380,22898158,22832807,22864323,22910122
2018-5-4-6-53-24,22871355,22912087,22887633,22889380,22898158,22832807,22864323,22910122
2018-5-4-6-54-24,22871355,22912087,22887633,22889380,22898158,22832807,22864323,22910122
2018-5-4-6-55-25,22871355,22912087,22887633,22889380,22898158,22832807,22864323,22910122
2018-5-4-6-56-26,22871355,22912087,22887633,22889380,22898158,22832807,22864323,22910122
2018-5-4-6-57-27,22871355,22912087,22887633,22889380,22898158,22832807,22864323,22910122
2018-5-4-6-58-28,22871355,22912087,22887633,22889380,22898158,22832807,22864323,22910122
2018-5-4-6-59-29,22871355,22912087,22887633,22889380,22898158,22832807,22864323,22910122
2018-5-4-7-0-29,22871355,22912087,22887633,22889380,22898158,22832807,22864323,22910122
2018-5-4-7-1-29,22871355,22912087,22887633,22889380,22898158,22832807,22864323,22910122
2018-5-4-7-2-30,22871355,22912087,22887633,22889380,22898158,22832807,22864323,22910122
2018-5-4-7-3-31,22871355,22912087,22881237,22833279,22832807,22838980,22831147,22886289
2018-5-4-7-4-32,22871355,22912087,22881237,22833279,22832807,22838980,22831147,22886289
2018-5-4-7-5-33,22871355,22912087,22881237,22833279,22832807,22838980,22831147,22886289
2018-5-4-7-6-34,22871355,22912087,22881237,22833279,22832807,22838980,22831147,22886289
2018-5-4-7-7-35,22871355,22912087,22881237,22833279,22832807,22838980,22831147,22886289
2018-5-4-7-8-36,22871355,22912087,22881237,22833279,22832807,22838980,22831147,22886289
2018-5-4-7-9-37,22871355,22912087,22881237,22833279,22832807,22838980,22831147,22886289
2018-5-4-7-10-37,22871355,22912087,22881237,22833279,22832807,22838980,22831147,22886289
2018-5-4-7-11-38,22871355,22838980,22868817,22887633,22897667,22870748,22881237,22870782
2018-5-4-7-12-39,22871355,22838980,22868817,22887633,22897667,22870748,22881237,22870782
2018-5-4-7-13-39,22871355,22838980,22868817,22887633,22897667,22870748,22881237,22870782
2018-5-4-7-14-40,22871355,22838980,22868817,22887633,22897667,22870748,22881237,22870782
2018-5-4-7-15-40,22871355,22838980,22868817,22887633,22897667,22870748,22881237,22870782
2018-5-4-7-16-40,22871355,22838980,22868817,22887633,22897667,22870748,22881237,22870782
2018-5-4-7-17-42,22871355,22838980,22868817,22887633,22897667,22870748,22881237,22870782
2018-5-4-7-18-44,22871355,22838980,22868817,22887633,22897667,22870748,22881237,22870782
2018-5-4-7-19-45,22871355,22838980,22868817,22887633,22897667,22870748,22881237,22870782
2018-5-4-7-20-46,22871355,22838980,22868817,22887633,22897667,22870748,22881237,22870782
2018-5-4-7-21-47,22838980,22912087,22831147,22728382,22870748,22881237,22882521,22887857
2018-5-4-7-22-48,22838980,22912087,22831147,22728382,22870748,22881237,22882521,22887857
2018-5-4-7-23-49,22838980,22912087,22831147,22728382,22870748,22881237,22882521,22887857
2018-5-4-7-24-50,22838980,22912087,22831147,22728382,22870748,22881237,22882521,22887857
2018-5-4-7-25-51,22838980,22912087,22831147,22728382,22870748,22881237,22882521,22887857
2018-5-4-7-26-52,22838980,22912087,22831147,22728382,22870748,22881237,22882521,22887857
2018-5-4-7-27-52,22838980,22912087,22831147,22728382,22870748,22881237,22882521,22887857
2018-5-4-7-28-53,22838980,22912087,22831147,22728382,22870748,22881237,22882521,22887857
2018-5-4-7-29-54,22838980,22912087,22831147,22728382,22870748,22881237,22882521,22887857
2018-5-4-7-30-55,22838980,22912087,22831147,22728382,22870748,22881237,22882521,22887857
2018-5-4-7-31-55,22838980,22912087,22831147,22728382,22870748,22881237,22882521,22887857
2018-5-4-7-32-56,22871355,22889380,22912087,22831147,22728382,22905267,22833279,22865263
2018-5-4-7-33-56,22871355,22889380,22912087,22831147,22728382,22905267,22833279,22865263
2018-5-4-7-34-57,22871355,22889380,22912087,22831147,22728382,22905267,22833279,22865263
2018-5-4-7-35-58,22871355,22889380,22912087,22831147,22728382,22905267,22833279,22865263
2018-5-4-7-36-59,22871355,22889380,22912087,22831147,22728382,22905267,22833279,22865263
2018-5-4-7-38-1,22871355,22889380,22912087,22831147,22728382,22905267,22833279,22865263
2018-5-4-7-39-2,22871355,22889380,22912087,22831147,22728382,22905267,22833279,22865263
2018-5-4-7-40-3,22871355,22889380,22912087,22831147,22728382,22905267,22833279,22865263
2018-5-4-7-41-4,22871355,22889380,22912087,22910122,22905267,22887857,22857725,22885104
2018-5-4-7-42-4,22871355,22889380,22912087,22910122,22905267,22887857,22857725,22885104
2018-5-4-7-43-5,22871355,22889380,22912087,22910122,22905267,22887857,22857725,22885104
2018-5-4-7-44-6,22871355,22889380,22912087,22910122,22905267,22887857,22857725,22885104
2018-5-4-7-45-7,22871355,22889380,22912087,22910122,22905267,22887857,22857725,22885104
2018-5-4-7-46-7,22871355,22889380,22912087,22910122,22905267,22887857,22857725,22885104
2018-5-4-7-47-8,22871355,22889380,22912087,22910122,22905267,22887857,22857725,22885104
2018-5-4-7-48-8,22871355,22889380,22912087,22910122,22905267,22887857,22857725,22885104
2018-5-4-7-49-8,22871355,22889380,22912087,22910122,22905267,22887857,22857725,22885104
2018-5-4-7-50-10,22871355,22889380,22912087,22910122,22905267,22887857,22857725,22885104
2018-5-4-7-51-11,22871355,22889380,22912087,22910122,22905267,22887857,22857725,22885104
2018-5-4-7-52-12,22871355,22889380,22912087,22888224,22853028,22887857,22833279,22838980
2018-5-4-7-53-12,22871355,22889380,22912087,22888224,22853028,22887857,22833279,22838980
2018-5-4-7-54-12,22871355,22889380,22912087,22888224,22853028,22887857,22833279,22838980
2018-5-4-7-55-12,22871355,22889380,22912087,22888224,22853028,22887857,22833279,22838980
2018-5-4-7-56-14,22871355,22889380,22912087,22888224,22853028,22887857,22833279,22838980
2018-5-4-7-57-14,22871355,22889380,22912087,22888224,22853028,22887857,22833279,22838980
2018-5-4-7-58-15,22871355,22889380,22912087,22888224,22853028,22887857,22833279,22838980
2018-5-4-7-59-16,22871355,22889380,22912087,22888224,22853028,22887857,22833279,22838980
2018-5-4-8-0-16,22871355,22889380,22912087,22888224,22853028,22887857,22833279,22838980
2018-5-4-8-1-17,22871355,22889380,22912087,22888224,22853028,22887857,22833279,22838980
2018-5-4-8-2-18,22870748,22888224,22853028,22865263,22867579,22838980,22862450,22886289
2018-5-4-8-3-18,22870748,22888224,22853028,22865263,22867579,22838980,22862450,22886289
2018-5-4-8-4-20,22870748,22888224,22853028,22865263,22867579,22838980,22862450,22886289
2018-5-4-8-5-21,22870748,22888224,22853028,22865263,22867579,22838980,22862450,22886289
2018-5-4-8-6-21,22870748,22888224,22853028,22865263,22867579,22838980,22862450,22886289
2018-5-4-8-7-22,22870748,22888224,22853028,22865263,22867579,22838980,22862450,22886289
2018-5-4-8-8-23,22870748,22888224,22853028,22865263,22867579,22838980,22862450,22886289
2018-5-4-8-9-23,22870748,22888224,22853028,22865263,22867579,22838980,22862450,22886289
2018-5-4-8-10-24,22870748,22888224,22853028,22865263,22867579,22838980,22862450,22886289
2018-5-4-8-11-25,22870748,22888224,22853028,22865263,22867579,22838980,22862450,22886289
2018-5-4-8-12-26,22870748,22888224,22853028,22865263,22867579,22838980,22862450,22886289
2018-5-4-8-13-27,22871355,22838980,22868817,22897667,22728382,22881237,22898158,22870782
2018-5-4-8-14-29,22871355,22838980,22868817,22897667,22728382,22881237,22898158,22870782
2018-5-4-8-15-30,22871355,22838980,22868817,22897667,22728382,22881237,22898158,22870782
2018-5-4-8-16-30,22871355,22838980,22868817,22897667,22728382,22881237,22898158,22870782
2018-5-4-8-17-31,22871355,22838980,22868817,22897667,22728382,22881237,22898158,22870782
2018-5-4-8-18-32,22871355,22838980,22868817,22897667,22728382,22881237,22898158,22870782
2018-5-4-8-19-32,22871355,22838980,22868817,22897667,22728382,22881237,22898158,22870782
2018-5-4-8-20-36,22871355,22838980,22868817,22897667,22728382,22881237,22898158,22870782
2018-5-4-8-21-37,22871355,22838980,22868817,22897667,22728382,22881237,22898158,22870782
2018-5-4-8-22-38,22871355,22838980,22868817,22897667,22728382,22881237,22898158,22870782
2018-5-4-8-23-39,22871355,22868817,22889380,22887633,22910122,22728382,22898158,22865263
2018-5-4-8-24-39,22871355,22868817,22889380,22887633,22910122,22728382,22898158,22865263
2018-5-4-8-25-40,22871355,22868817,22889380,22887633,22910122,22728382,22898158,22865263
2018-5-4-8-26-41,22871355,22868817,22889380,22887633,22910122,22728382,22898158,22865263
2018-5-4-8-27-43,22871355,22868817,22889380,22887633,22910122,22728382,22898158,22865263
2018-5-4-8-28-44,22871355,22868817,22889380,22887633,22910122,22728382,22898158,22865263
2018-5-4-8-29-44,22871355,22868817,22889380,22887633,22910122,22728382,22898158,22865263
2018-5-4-8-30-45,22871355,22868817,22889380,22887633,22910122,22728382,22898158,22865263
2018-5-4-8-31-46,22871355,22868817,22889380,22887633,22910122,22728382,22898158,22865263
2018-5-4-8-32-48,22871355,22868817,22889380,22887633,22910122,22728382,22898158,22865263
2018-5-4-8-33-48,22838980,22889380,22868817,22912087,22910122,22870748,22882521,22865263
2018-5-4-8-34-49,22838980,22889380,22868817,22912087,22910122,22870748,22882521,22865263
2018-5-4-8-35-50,22838980,22889380,22868817,22912087,22910122,22870748,22882521,22865263
2018-5-4-8-36-51,22838980,22889380,22868817,22912087,22910122,22870748,22882521,22865263
2018-5-4-8-37-51,22838980,22889380,22868817,22912087,22910122,22870748,22882521,22865263
2018-5-4-8-38-52,22838980,22889380,22868817,22912087,22910122,22870748,22882521,22865263
2018-5-4-8-39-53,22838980,22889380,22868817,22912087,22910122,22870748,22882521,22865263
2018-5-4-8-40-53,22838980,22889380,22868817,22912087,22910122,22870748,22882521,22865263
2018-5-4-8-41-53,22838980,22889380,22868817,22912087,22910122,22870748,22882521,22865263
2018-5-4-8-42-54,22838980,22889380,22868817,22912087,22910122,22870748,22882521,22865263
2018-5-4-8-43-55,22889380,22887633,22910122,22728382,22853028,22905267,22882521,22865263
2018-5-4-8-44-56,22889380,22887633,22910122,22728382,22853028,22905267,22882521,22865263
2018-5-4-8-45-58,22889380,22887633,22910122,22728382,22853028,22905267,22882521,22865263
2018-5-4-8-46-58,22889380,22887633,22910122,22728382,22853028,22905267,22882521,22865263
2018-5-4-8-47-59,22889380,22887633,22910122,22728382,22853028,22905267,22882521,22865263
2018-5-4-8-48-59,22889380,22887633,22910122,22728382,22853028,22905267,22882521,22865263
2018-5-4-8-49-59,22889380,22887633,22910122,22728382,22853028,22905267,22882521,22865263
2018-5-4-8-51-0,22889380,22887633,22910122,22728382,22853028,22905267,22882521,22865263
2018-5-4-8-52-1,22889380,22887633,22910122,22728382,22853028,22905267,22882521,22865263
2018-5-4-8-53-2,22889380,22912087,22910122,22728382,22905267,22864323,22904017,22886289
2018-5-4-8-54-3,22889380,22912087,22910122,22728382,22905267,22864323,22904017,22886289
2018-5-4-8-55-3,22889380,22912087,22910122,22728382,22905267,22864323,22904017,22886289
2018-5-4-8-56-4,22889380,22912087,22910122,22728382,22905267,22864323,22904017,22886289
2018-5-4-8-57-5,22889380,22912087,22910122,22728382,22905267,22864323,22904017,22886289
2018-5-4-8-58-6,22889380,22912087,22910122,22728382,22905267,22864323,22904017,22886289
2018-5-4-8-59-6,22889380,22912087,22910122,22728382,22905267,22864323,22904017,22886289
2018-5-4-9-0-7,22889380,22912087,22910122,22728382,22905267,22864323,22904017,22886289
2018-5-4-9-1-7,22889380,22912087,22910122,22728382,22905267,22864323,22904017,22886289
2018-5-4-9-2-7,22889380,22912087,22910122,22728382,22905267,22864323,22904017,22886289
2018-5-4-9-3-9,22889380,22912087,22910122,22728382,22905267,22864323,22904017,22886289
2018-5-4-9-4-9,22912087,22910122,22728382,22898158,22882521,22870782,22864323,22867579
2018-5-4-9-5-10,22912087,22910122,22728382,22898158,22882521,22870782,22864323,22867579
2018-5-4-9-6-11,22912087,22910122,22728382,22898158,22882521,22870782,22864323,22867579
2018-5-4-9-7-12,22912087,22910122,22728382,22898158,22882521,22870782,22864323,22867579
2018-5-4-9-8-13,22912087,22910122,22728382,22898158,22882521,22870782,22864323,22867579
2018-5-4-9-9-14,22912087,22910122,22728382,22898158,22882521,22870782,22864323,22867579
2018-5-4-9-10-15,22912087,22910122,22728382,22898158,22882521,22870782,22864323,22867579
2018-5-4-9-11-17,22871355,22912087,22889380,22890277,22728382,22853028,22881237,22905267
2018-5-4-9-12-17,22871355,22912087,22889380,22890277,22728382,22853028,22881237,22905267
2018-5-4-9-13-17,22871355,22912087,22889380,22890277,22728382,22853028,22881237,22905267
2018-5-4-9-14-18,22871355,22912087,22889380,22890277,22728382,22853028,22881237,22905267
2018-5-4-9-15-19,22871355,22912087,22889380,22890277,22728382,22853028,22881237,22905267
2018-5-4-9-16-20,22871355,22912087,22889380,22890277,22728382,22853028,22881237,22905267
2018-5-4-9-17-22,22871355,22912087,22889380,22890277,22728382,22853028,22881237,22905267
2018-5-4-9-18-23,22871355,22912087,22889380,22890277,22728382,22853028,22881237,22905267
2018-5-4-9-19-23,22871355,22912087,22889380,22890277,22728382,22853028,22881237,22905267
2018-5-4-9-20-24,22871355,22912087,22889380,22890277,22728382,22853028,22881237,22905267
2018-5-4-9-21-25,22871355,22912087,22889380,22890277,22728382,22853028,22881237,22905267
2018-5-4-9-22-26,22871355,22912087,22889380,22910122,22870748,22881237,22870782,22854553
2018-5-4-9-23-27,22871355,22912087,22889380,22910122,22870748,22881237,22870782,22854553
2018-5-4-9-24-28,22871355,22912087,22889380,22910122,22870748,22881237,22870782,22854553
2018-5-4-9-25-28,22871355,22912087,22889380,22910122,22870748,22881237,22870782,22854553
2018-5-4-9-26-28,22871355,22912087,22889380,22910122,22870748,22881237,22870782,22854553
2018-5-4-9-27-29,22871355,22912087,22889380,22910122,22870748,22881237,22870782,22854553
2018-5-4-9-28-30,22871355,22912087,22889380,22910122,22870748,22881237,22870782,22854553
2018-5-4-9-29-31,22871355,22912087,22889380,22910122,22870748,22881237,22870782,22854553
2018-5-4-9-30-31,22871355,22912087,22889380,22910122,22870748,22881237,22870782,22854553
2018-5-4-9-31-32,22871355,22912087,22889380,22910122,22870748,22881237,22870782,22854553
2018-5-4-9-32-32,22871355,22912087,22889380,22910122,22853028,22905267,22882521,22898158
2018-5-4-9-33-33,22871355,22912087,22889380,22910122,22853028,22905267,22882521,22898158
2018-5-4-9-34-34,22871355,22912087,22889380,22910122,22853028,22905267,22882521,22898158
2018-5-4-9-35-35,22871355,22912087,22889380,22910122,22853028,22905267,22882521,22898158
2018-5-4-9-36-36,22871355,22912087,22889380,22910122,22853028,22905267,22882521,22898158
2018-5-4-9-37-37,22871355,22912087,22889380,22910122,22853028,22905267,22882521,22898158
2018-5-4-9-38-38,22871355,22912087,22889380,22910122,22853028,22905267,22882521,22898158
2018-5-4-9-39-39,22871355,22912087,22889380,22910122,22853028,22905267,22882521,22898158
2018-5-4-9-40-40,22871355,22912087,22889380,22910122,22853028,22905267,22882521,22898158
2018-5-4-9-41-41,22871355,22912087,22889380,22910122,22853028,22905267,22882521,22898158
2018-5-4-9-42-43,22871355,22912087,22889380,22910122,22853028,22905267,22882521,22898158
2018-5-4-9-43-43,22912087,22889380,22890277,22728382,22897667,22905267,22871355,22910122
2018-5-4-9-44-44,22912087,22889380,22890277,22728382,22897667,22905267,22871355,22910122
2018-5-4-9-45-45,22912087,22889380,22890277,22728382,22897667,22905267,22871355,22910122
2018-5-4-9-46-46,22912087,22889380,22890277,22728382,22897667,22905267,22871355,22910122
2018-5-4-9-47-46,22912087,22889380,22890277,22728382,22897667,22905267,22871355,22910122
2018-5-4-9-48-47,22912087,22889380,22890277,22728382,22897667,22905267,22871355,22910122
2018-5-4-9-49-49,22912087,22889380,22890277,22728382,22897667,22905267,22871355,22910122
2018-5-4-9-50-50,22912087,22889380,22890277,22728382,22897667,22905267,22871355,22910122
2018-5-4-9-51-51,22912087,22889380,22890277,22728382,22897667,22905267,22871355,22910122
2018-5-4-9-52-52,22890277,22728382,22870748,22897667,22881237,22889380,22854553,22857725
2018-5-4-9-53-54,22912087,22889380,22890277,22728382,22897667,22905267,22871355,22910122
2018-5-4-9-54-54,22890277,22728382,22870748,22897667,22881237,22889380,22854553,22857725
2018-5-4-9-55-55,22890277,22728382,22870748,22897667,22881237,22889380,22854553,22857725
2018-5-4-9-56-55,22890277,22728382,22870748,22897667,22881237,22889380,22854553,22857725
2018-5-4-9-57-56,22890277,22728382,22870748,22897667,22881237,22889380,22854553,22857725
2018-5-4-9-58-57,22890277,22728382,22870748,22897667,22881237,22889380,22854553,22857725
2018-5-4-9-59-58,22890277,22728382,22870748,22897667,22881237,22889380,22854553,22857725
2018-5-4-10-0-59,22890277,22728382,22870748,22897667,22881237,22889380,22854553,22857725
2018-5-4-10-2-0,22890277,22728382,22870748,22897667,22881237,22889380,22854553,22857725
2018-5-4-10-3-0,22890277,22728382,22870748,22897667,22881237,22889380,22854553,22857725
2018-5-4-10-4-1,22890277,22728382,22870748,22897667,22881237,22889380,22854553,22857725
2018-5-4-10-5-2,22728382,22870748,22853028,22871355,22881237,22854553,22857725,22864323
2018-5-4-10-6-3,22728382,22870748,22853028,22871355,22881237,22854553,22857725,22864323
2018-5-4-10-7-4,22728382,22870748,22853028,22871355,22881237,22854553,22857725,22864323
2018-5-4-10-8-4,22728382,22870748,22853028,22871355,22881237,22854553,22857725,22864323
2018-5-4-10-9-5,22728382,22870748,22853028,22871355,22881237,22854553,22857725,22864323
2018-5-4-10-10-6,22728382,22870748,22853028,22871355,22881237,22854553,22857725,22864323
2018-5-4-10-11-6,22838980,22912087,22868817,22876499,22910122,22918630,22871355,22881237
2018-5-4-10-12-8,22728382,22870748,22853028,22871355,22881237,22854553,22857725,22864323
2018-5-4-10-13-9,22728382,22870748,22853028,22871355,22881237,22854553,22857725,22864323
2018-5-4-10-14-10,22728382,22870748,22853028,22871355,22881237,22854553,22857725,22864323
2018-5-4-10-15-11,22838980,22912087,22868817,22876499,22910122,22918630,22871355,22881237
2018-5-4-10-16-11,22838980,22912087,22868817,22876499,22910122,22918630,22871355,22881237
2018-5-4-10-17-13,22838980,22912087,22868817,22876499,22910122,22918630,22871355,22881237
2018-5-4-10-18-13,22838980,22912087,22868817,22876499,22910122,22918630,22871355,22881237
2018-5-4-10-19-13,22838980,22912087,22868817,22876499,22910122,22918630,22871355,22881237
2018-5-4-10-20-14,22838980,22912087,22868817,22876499,22910122,22918630,22871355,22881237
2018-5-4-10-21-16,22838980,22912087,22868817,22876499,22910122,22918630,22871355,22881237
2018-5-4-10-22-17,22838980,22912087,22868817,22876499,22910122,22918630,22871355,22881237
2018-5-4-10-23-17,22912087,22868817,22904017,22886289,22887633,22728382,22870748,22918630
2018-5-4-10-24-18,22912087,22868817,22904017,22886289,22887633,22728382,22870748,22918630
2018-5-4-10-25-18,22912087,22868817,22904017,22886289,22887633,22728382,22870748,22918630
2018-5-4-10-26-19,22912087,22868817,22904017,22886289,22887633,22728382,22870748,22918630
2018-5-4-10-27-20,22912087,22868817,22904017,22886289,22887633,22728382,22870748,22918630
2018-5-4-10-28-21,22912087,22868817,22904017,22886289,22887633,22728382,22870748,22918630
2018-5-4-10-29-22,22912087,22868817,22904017,22886289,22887633,22728382,22870748,22918630
2018-5-4-10-30-22,22912087,22868817,22904017,22886289,22887633,22728382,22870748,22918630
2018-5-4-10-31-22,22912087,22868817,22904017,22886289,22887633,22728382,22870748,22918630
2018-5-4-10-32-23,22912087,22868817,22904017,22886289,22887633,22728382,22870748,22918630
2018-5-4-10-33-24,22890277,22904017,22728382,22870748,22918630,22854553,22898158,22882521
2018-5-4-10-34-24,22890277,22904017,22728382,22870748,22918630,22854553,22898158,22882521
2018-5-4-10-35-25,22890277,22904017,22728382,22870748,22918630,22854553,22898158,22882521
2018-5-4-10-36-26,22890277,22904017,22728382,22870748,22918630,22854553,22898158,22882521
2018-5-4-10-37-26,22890277,22904017,22728382,22870748,22918630,22854553,22898158,22882521
2018-5-4-10-38-27,22890277,22904017,22728382,22870748,22918630,22854553,22898158,22882521
2018-5-4-10-39-28,22890277,22904017,22728382,22870748,22918630,22854553,22898158,22882521
2018-5-4-10-40-29,22890277,22904017,22728382,22870748,22918630,22854553,22898158,22882521
2018-5-4-10-41-30,22890277,22904017,22728382,22870748,22918630,22854553,22898158,22882521
2018-5-4-10-42-31,22890277,22904017,22728382,22870748,22918630,22854553,22898158,22882521
2018-5-4-10-43-32,22890277,22886289,22870748,22853028,22905267,22854553,22910122,22889380
2018-5-4-10-44-33,22890277,22904017,22728382,22870748,22918630,22854553,22898158,22882521
2018-5-4-10-45-34,22890277,22886289,22870748,22853028,22905267,22854553,22910122,22889380
2018-5-4-10-46-35,22890277,22886289,22870748,22853028,22905267,22854553,22910122,22889380
2018-5-4-10-47-35,22890277,22886289,22870748,22853028,22905267,22854553,22910122,22889380
2018-5-4-10-48-36,22890277,22886289,22870748,22853028,22905267,22854553,22910122,22889380
2018-5-4-10-49-36,22890277,22886289,22870748,22853028,22905267,22854553,22910122,22889380
2018-5-4-10-50-37,22890277,22886289,22870748,22853028,22905267,22854553,22910122,22889380
2018-5-4-10-51-37,22890277,22886289,22870748,22853028,22905267,22854553,22910122,22889380
2018-5-4-10-52-37,22890277,22886289,22870748,22853028,22905267,22854553,22910122,22889380
2018-5-4-10-53-38,22890277,22886289,22870748,22853028,22905267,22854553,22910122,22889380
2018-5-4-10-54-40,22890277,22886289,22870748,22853028,22905267,22854553,22910122,22889380
2018-5-4-10-55-41,22890277,22887633,22870748,22871355,22918630,22854553,22910122,22889380
2018-5-4-10-56-42,22890277,22887633,22870748,22871355,22918630,22854553,22910122,22889380
2018-5-4-10-57-43,22890277,22887633,22870748,22871355,22918630,22854553,22910122,22889380
2018-5-4-10-58-43,22890277,22887633,22870748,22871355,22918630,22854553,22910122,22889380
2018-5-4-10-59-45,22890277,22887633,22870748,22871355,22918630,22854553,22910122,22889380
2018-5-4-11-0-45,22890277,22887633,22870748,22871355,22918630,22854553,22910122,22889380
2018-5-4-11-1-45,22890277,22887633,22870748,22871355,22918630,22854553,22910122,22889380
2018-5-4-11-2-47,22890277,22887633,22870748,22871355,22918630,22854553,22910122,22889380
2018-5-4-11-3-48,22890277,22887633,22870748,22871355,22918630,22854553,22910122,22889380
2018-5-4-11-4-48,22890277,22870748,22888224,22871355,22881237,22910122,22865263,22867579
2018-5-4-11-5-49,22890277,22870748,22888224,22871355,22881237,22910122,22865263,22867579
2018-5-4-11-6-50,22890277,22870748,22888224,22871355,22881237,22910122,22865263,22867579
2018-5-4-11-7-51,22890277,22870748,22888224,22871355,22881237,22910122,22865263,22867579
2018-5-4-11-8-52,22890277,22870748,22888224,22871355,22881237,22910122,22865263,22867579
2018-5-4-11-9-54,22890277,22870748,22888224,22871355,22881237,22910122,22865263,22867579
2018-5-4-11-10-54,22868817,22889380,22890277,22876499,22886289,22728382,22870748,22887633
2018-5-4-11-11-55,22890277,22870748,22888224,22871355,22881237,22910122,22865263,22867579
2018-5-4-11-12-56,22868817,22889380,22890277,22876499,22886289,22728382,22870748,22887633
2018-5-4-11-13-56,22868817,22889380,22890277,22876499,22886289,22728382,22870748,22887633
2018-5-4-11-14-57,22868817,22889380,22890277,22876499,22886289,22728382,22870748,22887633
2018-5-4-11-15-58,22868817,22889380,22890277,22876499,22886289,22728382,22870748,22887633
2018-5-4-11-16-58,22868817,22889380,22890277,22876499,22886289,22728382,22870748,22887633
2018-5-4-11-17-59,22868817,22889380,22890277,22876499,22886289,22728382,22870748,22887633
2018-5-4-11-18-59,22868817,22889380,22890277,22876499,22886289,22728382,22870748,22887633
2018-5-4-11-19-59,22868817,22889380,22890277,22876499,22886289,22728382,22870748,22887633
2018-5-4-11-21-0,22868817,22889380,22890277,22876499,22886289,22728382,22870748,22887633
2018-5-4-11-22-1,22868817,22889380,22890277,22876499,22886289,22728382,22870748,22887633
2018-5-4-11-23-2,22868817,22890277,22876499,22886289,22853028,22888224,22930402,22854553
2018-5-4-11-24-2,22868817,22890277,22876499,22886289,22853028,22888224,22930402,22854553
2018-5-4-11-25-3,22868817,22890277,22876499,22886289,22853028,22888224,22930402,22854553
2018-5-4-11-26-3,22868817,22890277,22876499,22886289,22853028,22888224,22930402,22854553
2018-5-4-11-27-5,22868817,22890277,22876499,22886289,22853028,22888224,22930402,22854553
2018-5-4-11-28-6,22868817,22890277,22876499,22886289,22853028,22888224,22930402,22854553
2018-5-4-11-29-7,22868817,22890277,22876499,22886289,22853028,22888224,22930402,22854553
2018-5-4-11-30-8,22868817,22890277,22876499,22886289,22853028,22888224,22930402,22854553
2018-5-4-11-31-9,22868817,22890277,22876499,22886289,22853028,22888224,22930402,22854553
2018-5-4-11-32-10,22868817,22890277,22876499,22886289,22853028,22888224,22930402,22854553
2018-5-4-11-33-11,22868817,22890277,22876499,22886289,22853028,22888224,22930402,22854553
2018-5-4-11-34-12,22868817,22890277,22876499,22886289,22853028,22888224,22930402,22854553
2018-5-4-11-35-13,22868817,22890277,22904017,22876499,22888224,22930402,22854553,22910122
2018-5-4-11-36-13,22868817,22890277,22904017,22876499,22888224,22930402,22854553,22910122
2018-5-4-11-37-14,22868817,22890277,22904017,22876499,22888224,22930402,22854553,22910122
2018-5-4-11-38-15,22868817,22890277,22904017,22876499,22888224,22930402,22854553,22910122
2018-5-4-11-39-16,22868817,22890277,22904017,22876499,22888224,22930402,22854553,22910122
2018-5-4-11-40-16,22868817,22890277,22904017,22876499,22888224,22930402,22854553,22910122
2018-5-4-11-41-16,22868817,22890277,22904017,22876499,22888224,22930402,22854553,22910122
2018-5-4-11-42-17,22868817,22890277,22904017,22876499,22888224,22930402,22854553,22910122
2018-5-4-11-43-18,22868817,22890277,22904017,22876499,22888224,22930402,22854553,22910122
2018-5-4-11-44-19,22868817,22890277,22904017,22870748,22930402,22910122,22905267,22881237
2018-5-4-11-45-20,22868817,22890277,22904017,22870748,22930402,22910122,22905267,22881237
2018-5-4-11-46-20,22868817,22890277,22904017,22870748,22930402,22910122,22905267,22881237
2018-5-4-11-47-21,22868817,22890277,22904017,22870748,22930402,22910122,22905267,22881237
2018-5-4-11-48-22,22868817,22890277,22904017,22870748,22930402,22910122,22905267,22881237
2018-5-4-11-49-23,22868817,22890277,22904017,22870748,22930402,22910122,22905267,22881237
2018-5-4-11-50-24,22868817,22890277,22904017,22870748,22930402,22910122,22905267,22881237
2018-5-4-11-51-25,22870748,22864323,22887633,22853028,22897667,22854553,22910122,22881942
2018-5-4-11-52-25,22870748,22864323,22887633,22853028,22897667,22854553,22910122,22881942
2018-5-4-11-53-26,22870748,22864323,22887633,22853028,22897667,22854553,22910122,22881942
2018-5-4-11-54-27,22868817,22890277,22904017,22870748,22930402,22910122,22905267,22881237
2018-5-4-11-55-28,22870748,22864323,22887633,22853028,22897667,22854553,22910122,22881942
2018-5-4-11-56-29,22870748,22864323,22887633,22853028,22897667,22854553,22910122,22881942
2018-5-4-11-57-30,22870748,22864323,22887633,22853028,22897667,22854553,22910122,22881942
2018-5-4-11-58-31,22870748,22864323,22887633,22853028,22897667,22854553,22910122,22881942
2018-5-4-11-59-32,22870748,22864323,22887633,22853028,22897667,22854553,22910122,22881942
2018-5-4-12-0-32,22870748,22864323,22887633,22853028,22897667,22854553,22910122,22881942
2018-5-4-12-1-33,22870748,22864323,22887633,22853028,22897667,22854553,22910122,22881942
2018-5-4-12-2-33,22870748,22864323,22887633,22853028,22897667,22854553,22910122,22881942
2018-5-4-12-3-34,22870748,22864323,22887633,22853028,22897667,22854553,22910122,22881942
2018-5-4-12-4-35,22870748,22864323,22887633,22853028,22897667,22854553,22910122,22881942
2018-5-4-12-5-36,22870748,22864323,22887633,22930402,22888224,22854553,22881237,22914955
2018-5-4-12-6-37,22870748,22864323,22887633,22930402,22888224,22854553,22881237,22914955
2018-5-4-12-7-37,22870748,22864323,22887633,22930402,22888224,22854553,22881237,22914955
2018-5-4-12-8-38,22870748,22864323,22887633,22930402,22888224,22854553,22881237,22914955
2018-5-4-12-9-38,22870748,22864323,22887633,22930402,22888224,22854553,22881237,22914955
2018-5-4-12-10-39,22870748,22864323,22887633,22930402,22888224,22854553,22881237,22914955
2018-5-4-12-11-39,22870748,22864323,22887633,22930402,22888224,22854553,22881237,22914955
2018-5-4-12-12-40,22870748,22864323,22887633,22930402,22888224,22854553,22881237,22914955
2018-5-4-12-13-40,22870748,22864323,22887633,22930402,22888224,22854553,22881237,22914955
2018-5-4-12-14-41,22870748,22864323,22887633,22930402,22888224,22854553,22881237,22914955
2018-5-4-12-15-42,22918630,22868817,22889380,22904017,22886289,22887633,22853028,22930402
2018-5-4-12-16-43,22918630,22868817,22889380,22904017,22886289,22887633,22853028,22930402
2018-5-4-12-17-43,22918630,22868817,22889380,22904017,22886289,22887633,22853028,22930402
2018-5-4-12-18-44,22918630,22868817,22889380,22904017,22886289,22887633,22853028,22930402
2018-5-4-12-19-44,22918630,22868817,22889380,22904017,22886289,22887633,22853028,22930402
2018-5-4-12-20-45,22918630,22868817,22889380,22904017,22886289,22887633,22853028,22930402
2018-5-4-12-21-46,22918630,22868817,22889380,22904017,22886289,22887633,22853028,22930402
2018-5-4-12-22-48,22918630,22868817,22889380,22904017,22886289,22887633,22853028,22930402
2018-5-4-12-23-49,22918630,22868817,22889380,22904017,22886289,22887633,22853028,22930402
2018-5-4-12-24-49,22918630,22868817,22889380,22904017,22886289,22728382,22864323,22897667
2018-5-4-12-25-50,22918630,22868817,22889380,22904017,22886289,22728382,22864323,22897667
2018-5-4-12-26-51,22918630,22868817,22889380,22904017,22886289,22728382,22864323,22897667
2018-5-4-12-27-51,22918630,22868817,22889380,22904017,22886289,22728382,22864323,22897667
2018-5-4-12-28-52,22918630,22868817,22889380,22904017,22886289,22728382,22864323,22897667
2018-5-4-12-29-53,22918630,22868817,22889380,22904017,22886289,22728382,22864323,22897667
2018-5-4-12-30-53,22918630,22868817,22889380,22904017,22886289,22728382,22864323,22897667
2018-5-4-12-31-54,22918630,22868817,22889380,22904017,22886289,22728382,22864323,22897667
2018-5-4-12-32-57,22918630,22868817,22889380,22904017,22886289,22728382,22864323,22897667
2018-5-4-12-33-57,22918630,22868817,22889380,22904017,22886289,22728382,22864323,22897667
2018-5-4-12-34-58,22918630,22868817,22889380,22904017,22886289,22728382,22864323,22897667
2018-5-4-12-35-59,22918630,22868817,22904017,22876499,22728382,22887633,22854553,22875698
2018-5-4-12-36-59,22918630,22868817,22904017,22876499,22728382,22887633,22854553,22875698
2018-5-4-12-38-1,22918630,22868817,22904017,22876499,22728382,22887633,22854553,22875698
2018-5-4-12-39-2,22918630,22868817,22904017,22876499,22728382,22887633,22854553,22875698
2018-5-4-12-40-2,22918630,22868817,22904017,22876499,22728382,22887633,22854553,22875698
2018-5-4-12-41-3,22918630,22868817,22904017,22876499,22728382,22887633,22854553,22875698
2018-5-4-12-42-4,22918630,22868817,22904017,22876499,22728382,22887633,22854553,22875698
2018-5-4-12-43-6,22918630,22868817,22904017,22876499,22728382,22887633,22854553,22875698
2018-5-4-12-44-8,22918630,22868817,22904017,22876499,22728382,22887633,22854553,22875698
2018-5-4-12-45-14,22918630,22868817,22904017,22876499,22728382,22887633,22854553,22875698
2018-5-4-12-46-15,22868817,22904017,22876499,22886289,22728382,22897667,22875698,22882521
2018-5-4-12-47-16,22868817,22904017,22876499,22886289,22728382,22897667,22875698,22882521
2018-5-4-12-48-16,22868817,22904017,22876499,22886289,22728382,22897667,22875698,22882521
2018-5-4-12-49-17,22868817,22904017,22876499,22886289,22728382,22897667,22875698,22882521
2018-5-4-12-50-18,22868817,22904017,22876499,22886289,22728382,22897667,22875698,22882521
2018-5-4-12-51-18,22868817,22904017,22876499,22886289,22728382,22897667,22875698,22882521
2018-5-4-12-52-19,22868817,22904017,22876499,22897667,22887633,22853028,22891350,22881237
2018-5-4-12-53-19,22868817,22904017,22876499,22897667,22887633,22853028,22891350,22881237
2018-5-4-12-54-20,22868817,22904017,22876499,22886289,22728382,22897667,22875698,22882521
2018-5-4-12-55-21,22868817,22904017,22876499,22886289,22728382,22897667,22875698,22882521
2018-5-4-12-56-22,22868817,22904017,22876499,22897667,22887633,22853028,22891350,22881237
2018-5-4-12-57-23,22868817,22904017,22876499,22897667,22887633,22853028,22891350,22881237
2018-5-4-12-58-23,22868817,22904017,22876499,22897667,22887633,22853028,22891350,22881237
2018-5-4-12-59-24,22868817,22904017,22876499,22897667,22887633,22853028,22891350,22881237
2018-5-4-13-0-24,22868817,22904017,22876499,22897667,22887633,22853028,22891350,22881237
2018-5-4-13-1-24,22868817,22904017,22876499,22897667,22887633,22853028,22891350,22881237
2018-5-4-13-2-25,22868817,22904017,22876499,22897667,22887633,22853028,22891350,22881237
2018-5-4-13-3-25,22868817,22904017,22876499,22886289,22853028,22930402,22918630,22882521
2018-5-4-13-4-27,22868817,22904017,22876499,22886289,22853028,22930402,22918630,22882521
2018-5-4-13-5-27,22868817,22904017,22876499,22886289,22853028,22930402,22918630,22882521
2018-5-4-13-6-27,22868817,22904017,22876499,22886289,22853028,22930402,22918630,22882521
2018-5-4-13-7-29,22868817,22904017,22876499,22886289,22853028,22930402,22918630,22882521
2018-5-4-13-8-32,22868817,22904017,22876499,22886289,22853028,22930402,22918630,22882521
2018-5-4-13-9-33,22868817,22904017,22876499,22886289,22853028,22930402,22918630,22882521
2018-5-4-13-10-34,22868817,22904017,22876499,22886289,22853028,22930402,22918630,22882521
2018-5-4-13-11-34,22868817,22904017,22876499,22886289,22853028,22930402,22918630,22882521
2018-5-4-13-12-35,22918630,22868817,22930402,22904017,22876499,22886289,22728382,22887633
2018-5-4-13-13-35,22868817,22904017,22876499,22886289,22853028,22930402,22918630,22882521
2018-5-4-13-14-36,22918630,22868817,22930402,22904017,22876499,22886289,22728382,22887633
2018-5-4-13-15-36,22918630,22868817,22930402,22904017,22876499,22886289,22728382,22887633
2018-5-4-13-16-37,22918630,22868817,22930402,22904017,22876499,22886289,22728382,22887633
2018-5-4-13-17-38,22918630,22868817,22930402,22904017,22876499,22886289,22728382,22887633
2018-5-4-13-18-39,22918630,22868817,22930402,22904017,22876499,22886289,22728382,22887633
2018-5-4-13-19-40,22918630,22868817,22930402,22904017,22876499,22886289,22728382,22887633
2018-5-4-13-20-41,22918630,22868817,22930402,22904017,22876499,22886289,22728382,22887633
2018-5-4-13-21-42,22918630,22868817,22930402,22904017,22876499,22886289,22728382,22887633
2018-5-4-13-22-43,22918630,22868817,22930402,22904017,22876499,22886289,22728382,22887633
2018-5-4-13-23-46,22918630,22868817,22930402,22904017,22876499,22886289,22728382,22887633
2018-5-4-13-24-46,22918630,22868817,22930402,22904017,22876499,22886289,22728382,22887633
2018-5-4-13-25-48,22918630,22868817,22930402,22890277,22904017,22728382,22853028,22871355
2018-5-4-13-26-48,22918630,22868817,22930402,22890277,22904017,22728382,22853028,22871355
2018-5-4-13-27-49,22918630,22868817,22930402,22890277,22904017,22728382,22853028,22871355
2018-5-4-13-28-50,22918630,22868817,22930402,22890277,22904017,22728382,22853028,22871355
2018-5-4-13-29-51,22918630,22868817,22930402,22890277,22904017,22728382,22853028,22871355
2018-5-4-13-30-51,22918630,22868817,22930402,22890277,22904017,22728382,22853028,22871355
2018-5-4-13-31-52,22918630,22868817,22930402,22890277,22904017,22728382,22853028,22871355
2018-5-4-13-32-52,22868817,22930402,22889380,22886289,22853028,22887633,22888224,22888435
2018-5-4-13-33-52,22868817,22930402,22889380,22886289,22853028,22887633,22888224,22888435
2018-5-4-13-34-53,22868817,22930402,22889380,22886289,22853028,22887633,22888224,22888435
2018-5-4-13-35-54,22868817,22930402,22889380,22886289,22853028,22887633,22888224,22888435
2018-5-4-13-36-55,22868817,22930402,22889380,22886289,22853028,22887633,22888224,22888435
2018-5-4-13-37-56,22868817,22930402,22889380,22886289,22853028,22887633,22888224,22888435
2018-5-4-13-38-57,22868817,22930402,22889380,22886289,22853028,22887633,22888224,22888435
2018-5-4-13-39-57,22868817,22930402,22889380,22886289,22853028,22887633,22888224,22888435
2018-5-4-13-40-58,22868817,22930402,22889380,22886289,22853028,22887633,22888224,22888435
2018-5-4-13-41-59,22868817,22930402,22889380,22886289,22853028,22887633,22888224,22888435
2018-5-4-13-43-0,22868817,22930402,22889380,22886289,22853028,22887633,22888224,22888435
2018-5-4-13-44-0,22930402,22868817,22889380,22890277,22897667,22886289,22871355,22898158
2018-5-4-13-45-1,22868817,22930402,22889380,22886289,22853028,22887633,22888224,22888435
2018-5-4-13-46-1,22930402,22868817,22889380,22890277,22897667,22886289,22871355,22898158
2018-5-4-13-47-3,22930402,22868817,22889380,22890277,22897667,22886289,22871355,22898158
2018-5-4-13-48-3,22930402,22868817,22889380,22890277,22897667,22886289,22871355,22898158
2018-5-4-13-49-4,22930402,22868817,22889380,22890277,22897667,22886289,22871355,22898158
2018-5-4-13-50-4,22930402,22868817,22889380,22890277,22897667,22886289,22871355,22898158
2018-5-4-13-51-5,22930402,22868817,22889380,22890277,22897667,22886289,22871355,22898158
2018-5-4-13-52-6,22889380,22890277,22904017,22876499,22888224,22854553,22891350,22914955
2018-5-4-13-53-7,22889380,22890277,22904017,22876499,22888224,22854553,22891350,22914955
2018-5-4-13-54-8,22889380,22890277,22904017,22876499,22888224,22854553,22891350,22914955
2018-5-4-13-55-12,22889380,22890277,22904017,22876499,22888224,22854553,22891350,22914955
2018-5-4-13-56-13,22889380,22890277,22904017,22876499,22888224,22854553,22891350,22914955
2018-5-4-13-57-13,22889380,22890277,22904017,22876499,22888224,22854553,22891350,22914955
2018-5-4-13-58-14,22889380,22890277,22904017,22876499,22888224,22854553,22891350,22914955
2018-5-4-13-59-15,22889380,22890277,22904017,22876499,22888224,22854553,22891350,22914955
2018-5-4-14-0-15,22889380,22890277,22904017,22876499,22888224,22854553,22891350,22914955
2018-5-4-14-1-16,22889380,22904017,22864323,22930402,22897667,22871355,22881942,22887857
2018-5-4-14-2-16,22889380,22904017,22864323,22930402,22897667,22871355,22881942,22887857
2018-5-4-14-3-17,22889380,22904017,22864323,22930402,22897667,22871355,22881942,22887857
2018-5-4-14-4-18,22889380,22904017,22864323,22930402,22897667,22871355,22881942,22887857
2018-5-4-14-5-19,22889380,22904017,22864323,22930402,22897667,22871355,22881942,22887857
2018-5-4-14-6-20,22889380,22904017,22864323,22930402,22897667,22871355,22881942,22887857
2018-5-4-14-7-21,22889380,22904017,22864323,22930402,22897667,22871355,22881942,22887857
2018-5-4-14-8-23,22889380,22904017,22864323,22930402,22897667,22871355,22881942,22887857
2018-5-4-14-9-23,22889380,22904017,22864323,22930402,22897667,22871355,22881942,22887857
2018-5-4-14-10-25,22889380,22904017,22864323,22930402,22897667,22871355,22881942,22887857
2018-5-4-14-11-26,22918630,22930402,22868817,22889380,22904017,22876499,22881942,22888224
2018-5-4-14-12-27,22918630,22930402,22868817,22889380,22904017,22876499,22881942,22888224
2018-5-4-14-13-28,22918630,22930402,22868817,22889380,22904017,22876499,22881942,22888224
2018-5-4-14-14-28,22918630,22930402,22868817,22889380,22904017,22876499,22881942,22888224
2018-5-4-14-15-29,22918630,22930402,22868817,22889380,22904017,22876499,22881942,22888224
2018-5-4-14-16-31,22918630,22930402,22868817,22889380,22904017,22876499,22881942,22888224
2018-5-4-14-17-32,22918630,22930402,22868817,22889380,22904017,22876499,22881942,22888224
2018-5-4-14-18-32,22918630,22930402,22868817,22889380,22904017,22876499,22881942,22888224
2018-5-4-14-19-33,22918630,22930402,22868817,22889380,22904017,22876499,22881942,22888224
2018-5-4-14-20-33,22918630,22930402,22868817,22889380,22904017,22876499,22881942,22888224
2018-5-4-14-21-34,22918630,22930402,22889380,22897667,22904017,22876499,22728382,22910122
2018-5-4-14-22-34,22918630,22930402,22868817,22889380,22904017,22876499,22881942,22888224
2018-5-4-14-23-35,22918630,22930402,22889380,22897667,22904017,22876499,22728382,22910122
2018-5-4-14-24-37,22918630,22930402,22889380,22897667,22904017,22876499,22728382,22910122
2018-5-4-14-25-37,22918630,22930402,22889380,22897667,22904017,22876499,22728382,22910122
2018-5-4-14-26-38,22918630,22930402,22889380,22897667,22904017,22876499,22728382,22910122
2018-5-4-14-27-39,22918630,22930402,22889380,22897667,22904017,22876499,22728382,22910122
2018-5-4-14-28-39,22918630,22930402,22889380,22897667,22904017,22876499,22728382,22910122
2018-5-4-14-29-40,22918630,22930402,22889380,22897667,22904017,22876499,22728382,22910122
2018-5-4-14-30-41,22930402,22868817,22897667,22728382,22853028,22854553,22891350,22910122
2018-5-4-14-31-41,22930402,22868817,22897667,22728382,22853028,22854553,22891350,22910122
2018-5-4-14-32-43,22930402,22868817,22897667,22728382,22853028,22854553,22891350,22910122
2018-5-4-14-33-43,22930402,22868817,22897667,22728382,22853028,22854553,22891350,22910122
2018-5-4-14-34-46,22930402,22868817,22897667,22728382,22853028,22854553,22891350,22910122
2018-5-4-14-35-47,22930402,22868817,22897667,22728382,22853028,22854553,22891350,22910122
2018-5-4-14-36-48,22930402,22868817,22897667,22728382,22853028,22854553,22891350,22910122
2018-5-4-14-37-48,22930402,22868817,22897667,22728382,22853028,22854553,22891350,22910122
2018-5-4-14-38-49,22930402,22868817,22897667,22728382,22853028,22854553,22891350,22910122
2018-5-4-14-39-49,22930402,22868817,22897667,22728382,22853028,22854553,22891350,22910122
2018-5-4-14-40-50,22930402,22868817,22897667,22728382,22853028,22854553,22891350,22910122
2018-5-4-14-41-51,22930402,22868817,22889380,22904017,22876499,22871355,22854553,22888435
2018-5-4-14-42-52,22930402,22868817,22889380,22904017,22876499,22871355,22854553,22888435
2018-5-4-14-43-53,22930402,22868817,22889380,22904017,22876499,22871355,22854553,22888435
2018-5-4-14-44-53,22930402,22868817,22889380,22904017,22876499,22871355,22854553,22888435
2018-5-4-14-45-53,22930402,22868817,22889380,22904017,22876499,22871355,22854553,22888435
2018-5-4-14-46-54,22930402,22868817,22889380,22904017,22876499,22871355,22854553,22888435
2018-5-4-14-47-55,22930402,22868817,22889380,22904017,22876499,22871355,22854553,22888435
2018-5-4-14-48-55,22930402,22868817,22889380,22904017,22876499,22871355,22854553,22888435
2018-5-4-14-49-56,22930402,22868817,22889380,22904017,22876499,22871355,22854553,22888435
2018-5-4-14-50-57,22930402,22868817,22889380,22904017,22876499,22871355,22854553,22888435
2018-5-4-14-51-58,22868817,22904017,22876499,22930402,22864323,22888224,22891350,22887857
2018-5-4-14-52-59,22930402,22868817,22889380,22904017,22876499,22871355,22854553,22888435
2018-5-4-14-54-0,22868817,22904017,22876499,22930402,22864323,22888224,22891350,22887857
2018-5-4-14-55-1,22868817,22904017,22876499,22930402,22864323,22888224,22891350,22887857
2018-5-4-14-56-4,22868817,22904017,22876499,22930402,22864323,22888224,22891350,22887857
2018-5-4-14-57-5,22868817,22904017,22876499,22930402,22864323,22888224,22891350,22887857
2018-5-4-14-58-6,22868817,22904017,22876499,22930402,22864323,22888224,22891350,22887857
2018-5-4-14-59-7,22868817,22904017,22876499,22930402,22864323,22888224,22891350,22887857
2018-5-4-15-0-8,22868817,22904017,22876499,22930402,22864323,22888224,22891350,22887857
2018-5-4-15-1-10,22868817,22904017,22876499,22930402,22864323,22888224,22891350,22887857
2018-5-4-15-2-11,22876499,22930402,22853028,22871355,22897667,22888224,22918630,22864323
2018-5-4-15-3-12,22876499,22930402,22853028,22871355,22897667,22888224,22918630,22864323
2018-5-4-15-4-13,22876499,22930402,22853028,22871355,22897667,22888224,22918630,22864323
2018-5-4-15-5-14,22876499,22930402,22853028,22871355,22897667,22888224,22918630,22864323
2018-5-4-15-6-15,22876499,22930402,22853028,22871355,22897667,22888224,22918630,22864323
2018-5-4-15-7-15,22876499,22930402,22853028,22871355,22897667,22888224,22918630,22864323
2018-5-4-15-8-15,22876499,22930402,22853028,22871355,22897667,22888224,22918630,22864323
2018-5-4-15-9-15,22876499,22930402,22853028,22871355,22897667,22888224,22918630,22864323
2018-5-4-15-10-16,22876499,22930402,22853028,22871355,22897667,22888224,22918630,22864323
2018-5-4-15-11-18,22876499,22930402,22853028,22871355,22897667,22888224,22918630,22864323
2018-5-4-15-12-19,22918630,22889380,22890277,22930402,22886289,22728382,22870748,22888224
2018-5-4-15-13-20,22918630,22889380,22890277,22930402,22886289,22728382,22870748,22888224
2018-5-4-15-14-20,22918630,22889380,22890277,22930402,22886289,22728382,22870748,22888224
2018-5-4-15-15-21,22918630,22889380,22890277,22930402,22886289,22728382,22870748,22888224
2018-5-4-15-16-22,22918630,22889380,22890277,22930402,22886289,22728382,22870748,22888224
2018-5-4-15-17-22,22918630,22889380,22890277,22930402,22886289,22728382,22870748,22888224
2018-5-4-15-18-23,22918630,22889380,22890277,22930402,22886289,22728382,22870748,22888224
2018-5-4-15-19-24,22918630,22889380,22890277,22930402,22886289,22728382,22870748,22888224
2018-5-4-15-20-25,22918630,22889380,22890277,22930402,22886289,22728382,22870748,22888224
2018-5-4-15-21-26,22918630,22889380,22890277,22930402,22886289,22728382,22870748,22888224
2018-5-4-15-22-26,22918630,22889380,22890277,22930402,22886289,22728382,22870748,22888224
2018-5-4-15-23-27,22918630,22889380,22890277,22930402,22886289,22728382,22870748,22888224
2018-5-4-15-24-28,22918630,22889380,22890277,22930402,22886289,22728382,22870748,22888224
2018-5-4-15-25-28,22918630,22889380,22930402,22886289,22881942,22853028,22897667,22887633
2018-5-4-15-26-29,22918630,22889380,22930402,22886289,22881942,22853028,22897667,22887633
2018-5-4-15-27-30,22918630,22889380,22930402,22886289,22881942,22853028,22897667,22887633
2018-5-4-15-28-30,22918630,22889380,22930402,22886289,22881942,22853028,22897667,22887633
2018-5-4-15-29-32,22918630,22889380,22930402,22886289,22881942,22853028,22897667,22887633
2018-5-4-15-30-33,22889380,22930402,22864323,22728382,22881942,22853028,22871355,22888435
2018-5-4-15-31-33,22889380,22930402,22864323,22728382,22881942,22853028,22871355,22888435
2018-5-4-15-32-34,22889380,22930402,22864323,22728382,22881942,22853028,22871355,22888435
2018-5-4-15-33-35,22889380,22930402,22864323,22728382,22881942,22853028,22871355,22888435
2018-5-4-15-34-35,22889380,22930402,22864323,22728382,22881942,22853028,22871355,22888435
2018-5-4-15-35-36,22889380,22930402,22864323,22728382,22881942,22853028,22871355,22888435
2018-5-4-15-36-37,22889380,22930402,22864323,22728382,22881942,22853028,22871355,22888435
2018-5-4-15-37-38,22889380,22930402,22864323,22728382,22881942,22853028,22871355,22888435
2018-5-4-15-38-39,22889380,22930402,22864323,22728382,22881942,22853028,22871355,22888435
2018-5-4-15-39-43,22889380,22930402,22864323,22728382,22881942,22853028,22871355,22888435
2018-5-4-15-40-46,22889380,22930402,22864323,22728382,22881942,22853028,22871355,22888435
2018-5-4-15-41-46,22889380,22930402,22864323,22728382,22881942,22853028,22871355,22888435
2018-5-4-15-42-47,22930402,22881942,22919993,22887633,22888224,22891350,22888435,22905267
2018-5-4-15-43-47,22930402,22881942,22919993,22887633,22888224,22891350,22888435,22905267
2018-5-4-15-44-49,22930402,22881942,22919993,22887633,22888224,22891350,22888435,22905267
2018-5-4-15-45-50,22930402,22881942,22919993,22887633,22888224,22891350,22888435,22905267
2018-5-4-15-46-50,22930402,22881942,22919993,22887633,22888224,22891350,22888435,22905267
2018-5-4-15-47-51,22930402,22881942,22919993,22887633,22888224,22891350,22888435,22905267
2018-5-4-15-48-51,22930402,22881942,22919993,22887633,22888224,22891350,22888435,22905267
2018-5-4-15-49-53,22930402,22881942,22919993,22887633,22888224,22891350,22888435,22905267
2018-5-4-15-50-53,22930402,22881942,22919993,22887633,22888224,22891350,22888435,22905267
2018-5-4-15-51-55,22930402,22881942,22919993,22887633,22888224,22891350,22888435,22905267
2018-5-4-15-52-56,22853028,22881942,22871355,22918630,22881237,22904017,22864323,22867279
2018-5-4-15-53-57,22853028,22881942,22871355,22918630,22881237,22904017,22864323,22867279
2018-5-4-15-54-57,22853028,22881942,22871355,22918630,22881237,22904017,22864323,22867279
2018-5-4-15-55-59,22853028,22881942,22871355,22918630,22881237,22904017,22864323,22867279
2018-5-4-15-57-0,22853028,22881942,22871355,22918630,22881237,22904017,22864323,22867279
2018-5-4-15-58-2,22853028,22881942,22871355,22918630,22881237,22904017,22864323,22867279
2018-5-4-15-59-3,22853028,22881942,22871355,22918630,22881237,22904017,22864323,22867279
2018-5-4-16-0-4,22853028,22881942,22871355,22918630,22881237,22904017,22864323,22867279
2018-5-4-16-1-4,22853028,22881942,22871355,22918630,22881237,22904017,22864323,22867279
2018-5-4-16-2-4,22853028,22881942,22871355,22918630,22881237,22904017,22864323,22867279
2018-5-4-16-3-5,22927744,22871355,22897667,22920500,22918630,22898158,22904017,22919993
2018-5-4-16-4-5,22853028,22881942,22871355,22918630,22881237,22904017,22864323,22867279
2018-5-4-16-5-6,22927744,22871355,22897667,22920500,22918630,22898158,22904017,22919993
2018-5-4-16-6-6,22927744,22871355,22897667,22920500,22918630,22898158,22904017,22919993
2018-5-4-16-7-7,22927744,22871355,22897667,22920500,22918630,22898158,22904017,22919993
2018-5-4-16-8-8,22927744,22871355,22897667,22920500,22918630,22898158,22904017,22919993
2018-5-4-16-9-9,22927744,22871355,22897667,22920500,22918630,22898158,22904017,22919993
2018-5-4-16-10-10,22927744,22871355,22897667,22920500,22918630,22898158,22904017,22919993
2018-5-4-16-11-11,22871355,22918630,22889380,22919993,22927744,22887633,22888224,22920500
2018-5-4-16-12-12,22927744,22871355,22897667,22920500,22918630,22898158,22904017,22919993
2018-5-4-16-13-13,22871355,22918630,22889380,22919993,22927744,22887633,22888224,22920500
2018-5-4-16-14-13,22871355,22918630,22889380,22919993,22927744,22887633,22888224,22920500
2018-5-4-16-15-15,22871355,22918630,22889380,22919993,22927744,22887633,22888224,22920500
2018-5-4-16-16-16,22871355,22918630,22889380,22919993,22927744,22887633,22888224,22920500
2018-5-4-16-17-17,22871355,22918630,22889380,22919993,22927744,22887633,22888224,22920500
2018-5-4-16-18-18,22871355,22918630,22889380,22919993,22927744,22887633,22888224,22920500
2018-5-4-16-19-18,22871355,22918630,22889380,22919993,22927744,22887633,22888224,22920500
2018-5-4-16-20-19,22871355,22918630,22889380,22919993,22927744,22887633,22888224,22920500
2018-5-4-16-21-19,22871355,22918630,22889380,22919993,22927744,22887633,22888224,22920500
2018-5-4-16-22-19,22918630,22889380,22886289,22864323,22853028,22881942,22854553,22888435
2018-5-4-16-23-20,22918630,22889380,22886289,22864323,22853028,22881942,22854553,22888435
2018-5-4-16-24-21,22918630,22889380,22886289,22864323,22853028,22881942,22854553,22888435
2018-5-4-16-25-22,22918630,22889380,22886289,22864323,22853028,22881942,22854553,22888435
2018-5-4-16-26-24,22918630,22889380,22886289,22864323,22853028,22881942,22854553,22888435
2018-5-4-16-27-25,22918630,22889380,22886289,22864323,22853028,22881942,22854553,22888435
2018-5-4-16-28-26,22918630,22889380,22886289,22864323,22853028,22881942,22854553,22888435
2018-5-4-16-29-26,22918630,22889380,22886289,22864323,22853028,22881942,22854553,22888435
2018-5-4-16-30-26,22918630,22889380,22886289,22864323,22853028,22881942,22854553,22888435
2018-5-4-16-31-27,22918630,22889380,22886289,22864323,22853028,22881942,22854553,22888435
2018-5-4-16-32-28,22886289,22864323,22871355,22888224,22854553,22891350,22905267,22881237
2018-5-4-16-33-28,22886289,22864323,22871355,22888224,22854553,22891350,22905267,22881237
2018-5-4-16-34-28,22886289,22864323,22871355,22888224,22854553,22891350,22905267,22881237
2018-5-4-16-35-30,22886289,22864323,22871355,22888224,22854553,22891350,22905267,22881237
2018-5-4-16-36-30,22886289,22864323,22871355,22888224,22854553,22891350,22905267,22881237
2018-5-4-16-37-31,22886289,22864323,22871355,22888224,22854553,22891350,22905267,22881237
2018-5-4-16-38-32,22886289,22864323,22871355,22888224,22854553,22891350,22905267,22881237
2018-5-4-16-39-33,22886289,22864323,22871355,22888224,22854553,22891350,22905267,22881237
2018-5-4-16-40-33,22886289,22864323,22871355,22888224,22854553,22891350,22905267,22881237
2018-5-4-16-41-33,22886289,22864323,22871355,22888224,22854553,22891350,22905267,22881237
2018-5-4-16-42-34,22886289,22864323,22871355,22888224,22854553,22891350,22905267,22881237
2018-5-4-16-43-34,22886289,22864323,22871355,22888224,22854553,22891350,22905267,22881237
2018-5-4-16-44-35,22886289,22881942,22871355,22897667,22931421,22920500,22888435,22867279
2018-5-4-16-45-36,22886289,22881942,22871355,22897667,22931421,22920500,22888435,22867279
2018-5-4-16-46-36,22886289,22881942,22871355,22897667,22931421,22920500,22888435,22867279
2018-5-4-16-47-37,22886289,22881942,22871355,22897667,22931421,22920500,22888435,22867279
2018-5-4-16-48-38,22886289,22881942,22871355,22897667,22931421,22920500,22888435,22867279
2018-5-4-16-49-39,22886289,22881942,22871355,22897667,22931421,22920500,22888435,22867279
2018-5-4-16-50-41,22886289,22881942,22871355,22897667,22931421,22920500,22888435,22867279
2018-5-4-16-51-42,22886289,22881942,22871355,22897667,22931421,22920500,22888435,22867279
2018-5-4-16-52-43,22886289,22881942,22871355,22897667,22931421,22920500,22888435,22867279
2018-5-4-16-53-43,22871355,22881942,22897667,22888224,22918630,22905267,22898158,22904017
2018-5-4-16-54-44,22871355,22881942,22897667,22888224,22918630,22905267,22898158,22904017
2018-5-4-16-55-45,22871355,22881942,22897667,22888224,22918630,22905267,22898158,22904017
2018-5-4-16-56-45,22871355,22881942,22897667,22888224,22918630,22905267,22898158,22904017
2018-5-4-16-57-46,22871355,22881942,22897667,22888224,22918630,22905267,22898158,22904017
2018-5-4-16-58-47,22871355,22881942,22897667,22888224,22918630,22905267,22898158,22904017
2018-5-4-16-59-47,22871355,22881942,22897667,22888224,22918630,22905267,22898158,22904017
2018-5-4-17-0-48,22871355,22881942,22897667,22888224,22918630,22905267,22898158,22904017
2018-5-4-17-1-49,22871355,22881942,22897667,22888224,22918630,22905267,22898158,22904017
2018-5-4-17-2-49,22871355,22881942,22897667,22888224,22918630,22905267,22898158,22904017
2018-5-4-17-3-50,22871355,22881942,22897667,22931421,22888224,22918630,22867279,22914955
2018-5-4-17-4-51,22871355,22881942,22897667,22931421,22888224,22918630,22867279,22914955
2018-5-4-17-5-52,22871355,22881942,22897667,22931421,22888224,22918630,22867279,22914955
2018-5-4-17-6-53,22871355,22881942,22897667,22931421,22888224,22918630,22867279,22914955
2018-5-4-17-7-54,22871355,22881942,22897667,22931421,22888224,22918630,22867279,22914955
2018-5-4-17-8-55,22871355,22881942,22897667,22931421,22888224,22918630,22867279,22914955
2018-5-4-17-9-56,22871355,22881942,22897667,22931421,22888224,22918630,22867279,22914955
2018-5-4-17-10-57,22871355,22881942,22897667,22931421,22888224,22918630,22867279,22914955
2018-5-4-17-11-57,22871355,22881942,22897667,22931421,22888224,22918630,22867279,22914955
2018-5-4-17-12-58,22871355,22881942,22897667,22931421,22888224,22918630,22867279,22914955
2018-5-4-17-13-58,22871355,22881942,22897667,22931421,22888224,22918630,22867279,22914955
2018-5-4-17-14-59,22871355,22868817,22890277,22853028,22881942,22897667,22888224,22920500
2018-5-4-17-16-0,22871355,22868817,22890277,22853028,22881942,22897667,22888224,22920500
2018-5-4-17-17-1,22871355,22868817,22890277,22853028,22881942,22897667,22888224,22920500
2018-5-4-17-18-2,22871355,22868817,22890277,22853028,22881942,22897667,22888224,22920500
2018-5-4-17-19-2,22871355,22868817,22890277,22853028,22881942,22897667,22888224,22920500
2018-5-4-17-20-2,22871355,22868817,22890277,22853028,22881942,22897667,22888224,22920500
2018-5-4-17-21-4,22889380,22890277,22887633,22854553,22920500,22865263,22918630,22898158
2018-5-4-17-22-4,22889380,22890277,22887633,22854553,22920500,22865263,22918630,22898158
2018-5-4-17-23-5,22889380,22890277,22887633,22854553,22920500,22865263,22918630,22898158
2018-5-4-17-24-5,22889380,22890277,22887633,22854553,22920500,22865263,22918630,22898158
2018-5-4-17-25-6,22889380,22890277,22887633,22854553,22920500,22865263,22918630,22898158
2018-5-4-17-26-7,22889380,22890277,22887633,22854553,22920500,22865263,22918630,22898158
2018-5-4-17-27-8,22889380,22890277,22887633,22854553,22920500,22865263,22918630,22898158
2018-5-4-17-28-9,22889380,22890277,22887633,22854553,22920500,22865263,22918630,22898158
2018-5-4-17-29-10,22889380,22890277,22887633,22854553,22920500,22865263,22918630,22898158
2018-5-4-17-30-11,22889380,22890277,22887633,22854553,22920500,22865263,22918630,22898158
2018-5-4-17-31-12,22886289,22870748,22897667,22931421,22918630,22905267,22898158,22864323
2018-5-4-17-32-13,22886289,22870748,22897667,22931421,22918630,22905267,22898158,22864323
2018-5-4-17-33-14,22886289,22870748,22897667,22931421,22918630,22905267,22898158,22864323
2018-5-4-17-34-15,22886289,22870748,22897667,22931421,22918630,22905267,22898158,22864323
2018-5-4-17-35-15,22886289,22870748,22897667,22931421,22918630,22905267,22898158,22864323
2018-5-4-17-36-16,22886289,22870748,22897667,22931421,22918630,22905267,22898158,22864323
2018-5-4-17-37-17,22886289,22870748,22897667,22931421,22918630,22905267,22898158,22864323
2018-5-4-17-38-18,22886289,22870748,22897667,22931421,22918630,22905267,22898158,22864323
2018-5-4-17-39-18,22886289,22870748,22897667,22931421,22918630,22905267,22898158,22864323
2018-5-4-17-40-19,22886289,22870748,22897667,22931421,22918630,22905267,22898158,22864323
2018-5-4-17-41-20,22889380,22890277,22870748,22871355,22910122,22864323,22919993,22867279
2018-5-4-17-42-21,22889380,22890277,22870748,22871355,22910122,22864323,22919993,22867279
2018-5-4-17-43-21,22889380,22890277,22870748,22871355,22910122,22864323,22919993,22867279
2018-5-4-17-44-21,22889380,22890277,22870748,22871355,22910122,22864323,22919993,22867279
2018-5-4-17-45-23,22889380,22890277,22870748,22871355,22910122,22864323,22919993,22867279
2018-5-4-17-46-25,22889380,22890277,22870748,22871355,22910122,22864323,22919993,22867279
2018-5-4-17-47-26,22889380,22890277,22870748,22871355,22910122,22864323,22919993,22867279
2018-5-4-17-48-27,22889380,22890277,22870748,22871355,22910122,22864323,22919993,22867279
2018-5-4-17-49-28,22889380,22890277,22870748,22871355,22910122,22864323,22919993,22867279
2018-5-4-17-50-29,22889380,22890277,22870748,22871355,22910122,22864323,22919993,22867279
2018-5-4-17-51-29,22889380,22890277,22870748,22871355,22910122,22864323,22919993,22867279
2018-5-4-17-52-31,22889380,22890277,22870748,22871355,22910122,22864323,22919993,22867279
2018-5-4-17-53-32,22889380,22890277,22871355,22931421,22854553,22919993,22864323,22881237
2018-5-4-17-54-33,22889380,22890277,22871355,22931421,22854553,22919993,22864323,22881237
2018-5-4-17-55-34,22889380,22890277,22871355,22931421,22854553,22919993,22864323,22881237
2018-5-4-17-56-35,22889380,22890277,22871355,22931421,22854553,22919993,22864323,22881237
2018-5-4-17-57-35,22889380,22890277,22871355,22931421,22854553,22919993,22864323,22881237
2018-5-4-17-58-36,22889380,22890277,22871355,22931421,22854553,22919993,22864323,22881237
2018-5-4-17-59-37,22889380,22890277,22871355,22931421,22854553,22919993,22864323,22881237
2018-5-4-18-0-37,22889380,22890277,22871355,22931421,22854553,22919993,22864323,22881237
2018-5-4-18-1-38,22871355,22931421,22882521,22887857,22904017,22928993,22881237,22866663
2018-5-4-18-2-39,22889380,22890277,22871355,22931421,22854553,22919993,22864323,22881237
2018-5-4-18-3-40,22871355,22931421,22882521,22887857,22904017,22928993,22881237,22866663
2018-5-4-18-4-40,22871355,22931421,22882521,22887857,22904017,22928993,22881237,22866663
2018-5-4-18-5-47,22871355,22931421,22882521,22887857,22904017,22928993,22881237,22866663
2018-5-4-18-6-48,22871355,22931421,22882521,22887857,22904017,22928993,22881237,22866663
2018-5-4-18-7-48,22871355,22931421,22882521,22887857,22904017,22928993,22881237,22866663
2018-5-4-18-8-50,22871355,22931421,22882521,22887857,22904017,22928993,22881237,22866663
2018-5-4-18-9-51,22871355,22931421,22882521,22887857,22904017,22928993,22881237,22866663
2018-5-4-18-10-51,22871355,22931421,22882521,22887857,22904017,22928993,22881237,22866663
2018-5-4-18-11-52,22868817,22854553,22890277,22876499,22870748,22853028,22920500,22865263
2018-5-4-18-12-53,22868817,22854553,22890277,22876499,22870748,22853028,22920500,22865263
2018-5-4-18-13-53,22868817,22854553,22890277,22876499,22870748,22853028,22920500,22865263
2018-5-4-18-14-54,22868817,22854553,22890277,22876499,22870748,22853028,22920500,22865263
2018-5-4-18-15-55,22868817,22854553,22890277,22876499,22870748,22853028,22920500,22865263
2018-5-4-18-16-55,22868817,22854553,22890277,22876499,22870748,22853028,22920500,22865263
2018-5-4-18-17-56,22868817,22854553,22890277,22876499,22870748,22853028,22920500,22865263
2018-5-4-18-18-56,22868817,22854553,22890277,22876499,22870748,22853028,22920500,22865263
2018-5-4-18-19-58,22868817,22854553,22890277,22876499,22870748,22853028,22920500,22865263
2018-5-4-18-20-58,22868817,22854553,22890277,22876499,22870748,22853028,22920500,22865263
2018-5-4-18-21-59,22868817,22889380,22890277,22870748,22853028,22897667,22910122,22854553
2018-5-4-18-22-59,22868817,22889380,22890277,22870748,22853028,22897667,22910122,22854553
2018-5-4-18-24-0,22868817,22889380,22890277,22870748,22853028,22897667,22910122,22854553
2018-5-4-18-25-1,22868817,22889380,22890277,22870748,22853028,22897667,22910122,22854553
2018-5-4-18-26-2,22868817,22889380,22890277,22870748,22853028,22897667,22910122,22854553
2018-5-4-18-27-5,22868817,22889380,22890277,22870748,22853028,22897667,22910122,22854553
2018-5-4-18-28-6,22868817,22889380,22890277,22870748,22853028,22897667,22910122,22854553
