# bin,count
0,2113930
1,655973
2,771418
3,393163
4,446283
5,255740
6,269480
7,177717
8,181693
9,130683
10,136472
11,103084
12,104345
13,83592
14,82182
15,69785
16,67231
17,57691
18,55728
19,48502
20,48880
21,42157
22,42063
23,37159
24,36534
25,33422
26,32435
27,29944
28,28703
29,26003
30,26650
31,23347
32,23809
33,21804
34,21391
35,20160
36,19567
37,18298
38,17841
39,16392
40,17019
41,15335
42,15471
43,14334
44,14250
45,13720
46,13267
47,12546
48,12429
49,11309
50,12202
51,10732
52,11184
53,10618
54,10339
55,9731
56,9762
57,9230
58,9101
59,8523
60,9198
61,8146
62,8587
63,7754
64,8124
65,7682
66,7624
67,7196
68,7177
69,6602
70,7200
71,6326
72,6699
73,6203
74,6209
75,6051
76,5994
77,5810
78,5745
79,5267
80,5835
81,5274
82,5457
83,5015
84,5080
85,5010
86,4887
87,4822
88,4714
89,4365
90,4723
91,4225
92,4493
93,4107
94,4255
95,4033
96,4223
97,3918
98,3788
99,3250
100,4246
101,3424
102,3832
103,3376
104,3696
105,3437
106,3584
107,3461
108,3406
109,3150
110,3408
111,3053
112,3237
113,3060
114,3117
115,3106
116,3002
117,2980
118,2840
119,2703
120,2933
121,2691
122,2811
123,2686
124,2747
125,2608
126,2727
127,2598
128,2596
129,2504
130,2506
131,2457
132,2447
133,2347
134,2466
135,2389
136,2339
137,2313
138,2255
139,2113
140,2319
141,2213
142,2242
143,2159
144,2166
145,2106
146,2097
147,1986
148,2009
149,1890
150,2017
151,1877
152,2063
153,1797
154,1880
155,1856
156,1894
157,1857
158,1816
159,1710
160,1843
161,1668
162,1780
163,1788
164,1717
165,1642
166,1687
167,1670
168,1646
169,1465
170,1635
171,1512
172,1681
173,1437
174,1557
175,1518
176,1457
177,1464
178,1452
179,1402
180,1467
181,1394
182,1468
183,1346
184,1432
185,1393
186,1431
187,1306
188,1392
189,1359
190,1448
191,1238
192,1316
193,1236
194,1393
195,1235
196,1224
197,1225
198,1255
199,1027
200,1347
201,1046
202,1259
203,1122
204,1177
205,1112
206,1169
207,1023
208,1165
209,1104
210,1113
211,1030
212,1059
213,1095
214,1061
215,1046
216,1015
217,1035
218,1056
219,1047
220,1069
221,950
222,1056
223,994
224,995
225,999
226,989
227,994
228,978
229,912
230,946
231,917
232,965
233,950
234,924
235,886
236,915
237,895
238,874
239,844
240,947
241,901
242,908
243,857
244,915
245,843
246,916
247,859
248,827
249,777
250,855
251,801
252,865
253,775
254,794
255,839
256,747
257,772
258,747
259,713
260,798
261,750
262,779
263,753
264,752
265,793
266,787
267,763
268,735
269,653
270,790
271,716
272,746
273,728
274,729
275,650
276,736
277,648
278,674
279,682
280,658
281,649
282,624
283,604
284,712
285,646
286,630
287,645
288,638
289,618
290,665
291,641
292,653
293,615
294,630
295,609
296,608
297,603
298,586
299,533
300,715
301,553
302,641
303,593
304,651
305,589
306,630
307,574
308,553
309,572
310,603
311,553
312,573
313,560
314,563
315,547
316,537
317,546
318,573
319,497
320,597
321,500
322,572
323,531
324,540
325,546
326,544
327,559
328,537
329,517
330,492
331,519
332,531
333,490
334,499
335,466
336,532
337,522
338,479
339,454
340,497
341,460
342,474
343,436
344,462
345,463
346,493
347,436
348,445
349,438
350,497
351,450
352,518
353,465
354,475
355,393
356,479
357,446
358,417
359,417
360,470
361,448
362,455
363,432
364,450
365,395
366,457
367,465
368,405
369,393
370,439
371,384
372,406
373,409
374,424
375,414
376,410
377,399
378,418
379,350
380,418
381,426
382,423
383,385
384,428
385,377
386,431
387,372
388,406
389,356
390,427
391,396
392,420
393,389
394,417
395,345
396,363
397,370
398,354
399,343
400,432
401,346
402,384
403,349
404,350
405,378
406,371
407,378
408,337
409,347
410,362
411,343
412,358
413,333
414,355
415,313
416,355
417,359
418,360
419,324
420,363
421,344
422,332
423,326
424,351
425,356
426,327
427,362
428,327
429,330
430,312
431,329
432,352
433,312
434,337
435,318
436,281
437,290
438,283
439,325
440,336
441,297
442,304
443,304
444,260
445,312
446,291
447,284
448,326
449,297
450,317
451,307
452,294
453,295
454,317
455,295
456,309
457,292
458,277
459,295
460,237
461,302
462,276
463,269
464,283
465,288
466,302
467,274
468,291
469,276
470,271
471,289
472,276
473,244
474,259
475,276
476,274
477,257
478,305
479,261
480,275
481,245
482,273
483,247
484,285
485,244
486,274
487,247
488,257
489,266
490,256
491,251
492,253
493,270
494,293
495,248
496,229
497,257
498,219
499,233
500,310
501,253
502,271
503,252
504,277
505,225
506,234
507,221
508,245
509,232
510,240
511,233
512,276
513,231
514,250
515,244
516,238
517,236
518,233
519,250
520,268
521,238
522,251
523,225
524,224
525,257
526,216
527,242
528,207
529,246
530,225
531,207
532,230
533,200
534,241
535,219
536,230
537,204
538,207
539,216
540,189
541,212
542,214
543,228
544,221
545,232
546,228
547,206
548,224
549,192
550,215
551,194
552,199
553,191
554,207
555,193
556,225
557,199
558,191
559,206
560,230
561,184
562,182
563,219
564,183
565,195
566,198
567,190
568,243
569,195
570,213
571,169
572,198
573,202
574,181
575,214
576,215
577,177
578,229
579,219
580,170
581,184
582,160
583,164
584,208
585,212
586,196
587,178
588,177
589,179
590,184
591,180
592,203
593,187
594,210
595,186
596,176
597,191
598,192
599,175
600,214
601,167
602,192
603,163
604,164
605,182
606,208
607,173
608,166
609,144
610,191
611,161
612,201
613,170
614,191
615,208
616,171
617,153
618,176
619,172
620,174
621,169
622,156
623,153
624,178
625,170
626,172
627,170
628,166
629,171
630,175
631,148
632,178
633,151
634,159
635,147
636,160
637,166
638,167
639,141
640,177
641,160
642,167
643,143
644,134
645,173
646,155
647,156
648,182
649,145
650,168
651,159
652,156
653,147
654,147
655,151
656,145
657,144
658,136
659,146
660,150
661,144
662,166
663,126
664,150
665,156
666,163
667,138
668,164
669,121
670,173
671,157
672,153
673,145
674,168
675,148
676,147
677,137
678,135
679,150
680,140
681,143
682,148
683,150
684,167
685,136
686,131
687,138
688,135
689,130
690,148
691,129
692,126
693,129
694,132
695,147
696,151
697,140
698,115
699,131
700,138
701,121
702,129
703,138
704,147
705,130
706,149
707,131
708,150
709,125
710,152
711,145
712,123
713,151
714,129
715,141
716,121
717,149
718,141
719,131
720,129
721,128
722,134
723,128
724,139
725,123
726,136
727,128
728,131
729,123
730,149
731,113
732,126
733,130
734,120
735,126
736,121
737,116
738,118
739,101
740,152
741,110
742,138
743,119
744,124
745,129
746,128
747,130
748,109
749,114
750,117
751,121
752,110
753,123
754,124
755,132
756,118
757,107
758,134
759,130
760,118
761,99
762,129
763,117
764,129
765,124
766,108
767,126
768,124
769,103
770,132
771,121
772,100
773,114
774,99
775,114
776,119
777,105
778,112
779,105
780,115
781,121
782,115
783,104
784,110
785,110
786,119
787,103
788,99
789,110
790,123
791,104
792,104
793,99
794,113
795,103
796,114
797,112
798,122
799,94
800,122
801,105
802,118
803,111
804,114
805,91
806,95
807,96
808,99
809,80
810,133
811,108
812,97
813,101
814,104
815,110
816,107
817,104
818,120
819,111
820,107
821,84
822,106
823,105
824,92
825,129
826,88
827,117
828,106
829,90
830,105
831,103
832,95
833,94
834,94
835,120
836,101
837,107
838,119
839,91
840,126
841,110
842,93
843,101
844,94
845,91
846,108
847,82
848,98
849,92
850,98
851,100
852,118
853,98
854,82
855,95
856,84
857,96
858,85
859,108
860,99
861,61
862,115
863,81
864,91
865,101
866,89
867,111
868,86
869,76
870,106
871,92
872,95
873,108
874,89
875,87
876,89
877,102
878,83
879,92
880,87
881,88
882,95
883,74
884,97
885,107
886,92
887,87
888,93
889,85
890,93
891,76
892,99
893,92
894,96
895,86
896,84
897,85
898,89
899,77
900,99
901,89
902,99
903,81
904,62
905,104
906,92
907,76
908,88
909,89
910,105
911,78
912,97
913,81
914,88
915,70
916,84
917,89
918,99
919,86
920,93
921,85
922,74
923,69
924,92
925,76
926,95
927,90
928,72
929,87
930,78
931,75
932,85
933,87
934,64
935,92
936,90
937,84
938,78
939,82
940,77
941,88
942,103
943,80
944,78
945,95
946,92
947,72
948,86
949,59
950,88
951,85
952,78
953,91
954,74
955,95
956,82
957,86
958,82
959,80
960,71
961,78
962,87
963,80
964,78
965,64
966,78
967,71
968,72
969,67
970,90
971,79
972,61
973,75
974,77
975,68
976,74
977,83
978,67
979,89
980,74
981,70
982,55
983,91
984,76
985,81
986,63
987,76
988,76
989,64
990,72
991,73
992,84
993,74
994,78
995,73
996,76
997,65
998,62
999,48
1000,87
1001,51
1002,91
1003,68
1004,90
1005,57
1006,75
1007,79
1008,73
1009,54
1010,85
1011,74
1012,79
1013,58
1014,68
1015,77
1016,68
1017,67
1018,59
1019,76
1020,78
1021,46
1022,84
1023,59
1024,72
1025,62
1026,76
1027,64
1028,68
1029,65
1030,59
1031,58
1032,85
1033,61
1034,63
1035,83
1036,67
1037,74
1038,58
1039,55
1040,74
1041,60
1042,69
1043,63
1044,60
1045,59
1046,68
1047,68
1048,59
1049,56
1050,57
1051,64
1052,82
1053,61
1054,67
1055,74
1056,76
1057,67
1058,70
1059,62
1060,81
1061,63
1062,59
1063,61
1064,66
1065,58
1066,70
1067,66
1068,68
1069,72
1070,48
1071,70
1072,66
1073,63
1074,63
1075,74
1076,51
1077,62
1078,70
1079,62
1080,70
1081,60
1082,59
1083,58
1084,64
1085,61
1086,57
1087,63
1088,82
1089,62
1090,74
1091,67
1092,69
1093,68
1094,56
1095,61
1096,65
1097,59
1098,75
1099,61
1100,58
1101,54
1102,73
1103,74
1104,73
1105,71
1106,65
1107,76
1108,72
1109,71
1110,68
1111,64
1112,59
1113,61
1114,83
1115,62
1116,73
1117,47
1118,48
1119,61
1120,61
1121,59
1122,51
1123,43
1124,60
1125,61
1126,68
1127,52
1128,61
1129,58
1130,64
1131,67
1132,60
1133,58
1134,54
1135,54
1136,60
1137,55
1138,66
1139,62
1140,63
1141,53
1142,71
1143,48
1144,58
1145,47
1146,57
1147,70
1148,53
1149,50
1150,58
1151,67
1152,61
1153,52
1154,58
1155,57
1156,66
1157,56
1158,59
1159,70
1160,49
1161,56
1162,63
1163,61
1164,67
1165,49
1166,61
1167,65
1168,63
1169,62
1170,56
1171,66
1172,54
1173,47
1174,42
1175,56
1176,49
1177,51
1178,70
1179,54
1180,64
1181,53
1182,62
1183,65
1184,42
1185,63
1186,62
1187,62
1188,61
1189,49
1190,56
1191,57
1192,51
1193,55
1194,61
1195,57
1196,55
1197,50
1198,63
1199,45
1200,61
1201,57
1202,71
1203,36
1204,61
1205,59
1206,48
1207,70
1208,61
1209,48
1210,59
1211,61
1212,56
1213,47
1214,58
1215,59
1216,63
1217,61
1218,49
1219,41
1220,48
1221,58
1222,71
1223,62
1224,56
1225,41
1226,52
1227,63
1228,71
1229,54
1230,54
1231,34
1232,53
1233,49
1234,43
1235,45
1236,52
1237,50
1238,54
1239,55
1240,55
1241,52
1242,62
1243,30
1244,41
1245,40
1246,59
1247,47
1248,50
1249,47
1250,49
1251,51
1252,52
1253,57
1254,41
1255,51
1256,45
1257,50
1258,56
1259,56
1260,57
1261,59
1262,53
1263,56
1264,52
1265,50
1266,49
1267,48
1268,49
1269,49
1270,47
1271,47
1272,37
1273,50
1274,46
1275,45
1276,54
1277,46
1278,43
1279,25
1280,55
1281,46
1282,55
1283,54
1284,51
1285,50
1286,42
1287,50
1288,58
1289,56
1290,47
1291,46
1292,63
1293,48
1294,36
1295,47
1296,47
1297,48
1298,52
1299,45
1300,49
1301,43
1302,50
1303,55
1304,47
1305,46
1306,43
1307,38
1308,51
1309,39
1310,54
1311,41
1312,49
1313,37
1314,51
1315,43
1316,54
1317,45
1318,47
1319,38
1320,46
1321,55
1322,50
1323,33
1324,55
1325,49
1326,46
1327,46
1328,55
1329,46
1330,53
1331,41
1332,45
1333,46
1334,50
1335,59
1336,34
1337,41
1338,51
1339,40
1340,58
1341,40
1342,46
1343,56
1344,39
1345,44
1346,48
1347,37
1348,38
1349,44
1350,40
1351,42
1352,44
1353,48
1354,40
1355,39
1356,43
1357,50
1358,49
1359,43
1360,37
1361,43
1362,50
1363,39
1364,32
1365,45
1366,39
1367,48
1368,46
1369,45
1370,40
1371,42
1372,54
1373,30
1374,32
1375,48
1376,42
1377,42
1378,26
1379,45
1380,46
1381,43
1382,41
1383,52
1384,38
1385,36
1386,39
1387,47
1388,44
1389,43
1390,36
1391,31
1392,45
1393,45
1394,34
1395,42
1396,38
1397,38
1398,43
1399,48
1400,45
1401,43
1402,44
1403,35
1404,36
1405,31
1406,44
1407,30
1408,39
1409,33
1410,36
1411,34
1412,40
1413,42
1414,38
1415,43
1416,30
1417,47
1418,43
1419,42
1420,48
1421,37
1422,16
1423,36
1424,30
1425,40
1426,39
1427,36
1428,40
1429,33
1430,44
1431,41
1432,42
1433,44
1434,40
1435,38
1436,43
1437,32
1438,43
1439,38
1440,48
1441,45
1442,43
1443,44
1444,40
1445,43
1446,34
1447,41
1448,29
1449,40
1450,50
1451,25
1452,45
1453,42
1454,37
1455,39
1456,44
1457,33
1458,42
1459,37
1460,51
1461,43
1462,48
1463,41
1464,29
1465,46
1466,38
1467,40
1468,38
1469,39
1470,45
1471,41
1472,36
1473,40
1474,28
1475,26
1476,37
1477,44
1478,34
1479,38
1480,30
1481,40
1482,32
1483,36
1484,33
1485,32
1486,29
1487,41
1488,35
1489,34
1490,46
1491,37
1492,46
1493,41
1494,33
1495,31
1496,30
1497,39
1498,30
1499,25
1500,40
1501,33
1502,39
1503,26
1504,42
1505,37
1506,41
1507,24
1508,35
1509,36
1510,36
1511,28
1512,32
1513,45
1514,40
1515,23
1516,37
1517,35
1518,36
1519,34
1520,31
1521,23
1522,55
1523,27
1524,38
1525,34
1526,36
1527,43
1528,34
1529,29
1530,48
1531,26
1532,54
1533,38
1534,33
1535,37
1536,42
1537,46
1538,31
1539,46
1540,36
1541,30
1542,40
1543,34
1544,36
1545,37
1546,31
1547,31
1548,36
1549,26
1550,39
1551,28
1552,38
1553,40
1554,36
1555,47
1556,41
1557,32
1558,34
1559,35
1560,40
1561,37
1562,33
1563,41
1564,32
1565,33
1566,27
1567,45
1568,28
1569,29
1570,43
1571,38
1572,40
1573,38
1574,36
1575,43
1576,37
1577,32
1578,35
1579,36
1580,41
1581,33
1582,38
1583,32
1584,25
1585,38
1586,24
1587,38
1588,55
1589,40
1590,30
1591,32
1592,37
1593,37
1594,31
1595,48
1596,30
1597,32
1598,40
1599,36
1600,33
1601,29
1602,23
1603,27
1604,32
1605,34
1606,26
1607,41
1608,32
1609,28
1610,26
1611,42
1612,32
1613,31
1614,36
1615,39
1616,31
1617,26
1618,28
1619,37
1620,32
1621,33
1622,35
1623,24
1624,33
1625,38
1626,33
1627,36
1628,37
1629,34
1630,32
1631,34
1632,27
1633,19
1634,39
1635,29
1636,39
1637,31
1638,36
1639,38
1640,21
1641,31
1642,34
1643,37
1644,18
1645,23
1646,21
1647,29
1648,30
1649,19
1650,25
1651,39
1652,36
1653,39
1654,33
1655,21
1656,41
1657,27
1658,24
1659,25
1660,27
1661,29
1662,29
1663,29
1664,21
1665,24
1666,33
1667,23
1668,35
1669,19
1670,33
1671,30
1672,25
1673,27
1674,34
1675,27
1676,30
1677,26
1678,35
1679,27
1680,21
1681,31
1682,33
1683,24
1684,35
1685,29
1686,25
1687,25
1688,34
1689,31
1690,34
1691,27
1692,38
1693,21
1694,26
1695,34
1696,22
1697,33
1698,20
1699,24
1700,30
1701,26
1702,30
1703,24
1704,36
1705,31
1706,22
1707,29
1708,34
1709,26
1710,35
1711,32
1712,39
1713,23
1714,30
1715,29
1716,31
1717,28
1718,35
1719,19
1720,39
1721,28
1722,26
1723,32
1724,29
1725,29
1726,23
1727,28
1728,25
1729,25
1730,26
1731,28
1732,26
1733,25
1734,27
1735,32
1736,28
1737,41
1738,35
1739,20
1740,35
1741,26
1742,28
1743,28
1744,23
1745,31
1746,25
1747,32
1748,23
1749,30
1750,30
1751,24
1752,21
1753,26
1754,35
1755,20
1756,28
1757,27
1758,26
1759,22
1760,35
1761,21
1762,26
1763,18
1764,26
1765,31
1766,23
1767,17
1768,34
1769,34
1770,25
1771,31
1772,25
1773,41
1774,30
1775,25
1776,35
1777,33
1778,26
1779,30
1780,34
1781,29
1782,33
1783,20
1784,24
1785,31
1786,20
1787,25
1788,17
1789,25
1790,31
1791,27
1792,28
1793,28
1794,25
1795,31
1796,29
1797,26
1798,18
1799,23
1800,27
1801,31
1802,25
1803,21
1804,31
1805,27
1806,16
1807,31
1808,26
1809,19
1810,28
1811,22
1812,29
1813,35
1814,31
1815,31
1816,20
1817,30
1818,25
1819,28
1820,27
1821,19
1822,20
1823,27
1824,20
1825,26
1826,31
1827,33
1828,24
1829,23
1830,28
1831,25
1832,23
1833,23
1834,33
1835,26
1836,28
1837,29
1838,30
1839,24
1840,28
1841,27
1842,21
1843,25
1844,27
1845,18
1846,24
1847,28
1848,35
1849,21
1850,26
1851,18
1852,21
1853,25
1854,26
1855,23
1856,32
1857,25
1858,40
1859,27
1860,26
1861,27
1862,24
1863,23
1864,27
1865,25
1866,23
1867,23
1868,20
1869,21
1870,22
1871,23
1872,23
1873,35
1874,24
1875,28
1876,27
1877,28
1878,23
1879,24
1880,22
1881,30
1882,34
1883,26
1884,19
1885,22
1886,17
1887,23
1888,19
1889,22
1890,17
1891,19
1892,25
1893,12
1894,23
1895,18
1896,22
1897,18
1898,23
1899,27
1900,24
1901,20
1902,30
1903,24
1904,24
1905,19
1906,34
1907,27
1908,25
1909,18
1910,23
1911,22
1912,29
1913,24
1914,18
1915,18
1916,30
1917,26
1918,21
1919,28
1920,21
1921,21
1922,29
1923,18
1924,22
1925,16
1926,20
1927,23
1928,23
1929,28
1930,18
1931,20
1932,24
1933,27
1934,22
1935,27
1936,29
1937,19
1938,22
1939,16
1940,29
1941,16
1942,25
1943,12
1944,18
1945,31
1946,28
1947,17
1948,19
1949,18
1950,19
1951,29
1952,15
1953,27
1954,23
1955,25
1956,29
1957,26
1958,25
1959,28
1960,22
1961,20
1962,29
1963,16
1964,24
1965,31
1966,17
1967,24
1968,27
1969,20
1970,20
1971,28
1972,27
1973,23
1974,21
1975,24
1976,30
1977,17
1978,21
1979,34
1980,10
1981,16
1982,28
1983,20
1984,18
1985,25
1986,24
1987,19
1988,21
1989,15
1990,13
1991,28
1992,18
1993,28
1994,34
1995,18
1996,18
1997,25
1998,29
1999,23
2000,24
2001,21
2002,19
2003,23
2004,22
2005,21
2006,17
2007,18
2008,17
2009,17
2010,21
2011,21
2012,17
2013,20
2014,19
2015,19
2016,19
2017,22
2018,23
2019,18
2020,24
2021,16
2022,20
2023,17
2024,23
2025,28
2026,20
2027,20
2028,14
2029,26
2030,17
2031,10
2032,16
2033,26
2034,27
2035,18
2036,18
2037,22
2038,20
2039,26
2040,18
2041,19
2042,24
2043,19
2044,26
2045,23
2046,25
2047,19
2048,26
2049,23
2050,18
2051,21
2052,25
2053,22
2054,26
2055,22
2056,25
2057,22
2058,16
2059,23
2060,24
2061,16
2062,25
2063,23
2064,17
2065,17
2066,22
2067,12
2068,21
2069,23
2070,16
2071,19
2072,23
2073,16
2074,20
2075,20
2076,24
2077,12
2078,15
2079,22
2080,16
2081,31
2082,19
2083,18
2084,15
2085,19
2086,23
2087,17
2088,19
2089,24
2090,16
2091,19
2092,21
2093,26
2094,23
2095,21
2096,20
2097,23
2098,16
2099,23
2100,18
2101,16
2102,16
2103,20
2104,18
2105,12
2106,16
2107,21
2108,25
2109,19
2110,17
2111,13
2112,13
2113,23
2114,19
2115,19
2116,13
2117,10
2118,22
2119,26
2120,18
2121,24
2122,14
2123,20
2124,24
2125,10
2126,26
2127,10
2128,15
2129,20
2130,22
2131,25
2132,19
2133,19
2134,20
2135,16
2136,26
2137,13
2138,16
2139,23
2140,21
2141,18
2142,18
2143,20
2144,25
2145,16
2146,16
2147,17
2148,27
2149,15
2150,22
2151,16
2152,18
2153,22
2154,23
2155,28
2156,9
2157,15
2158,23
2159,20
2160,19
2161,18
2162,23
2163,14
2164,16
2165,18
2166,19
2167,23
2168,16
2169,17
2170,11
2171,16
2172,18
2173,12
2174,16
2175,18
2176,14
2177,13
2178,23
2179,22
2180,17
2181,21
2182,13
2183,16
2184,21
2185,18
2186,11
2187,18
2188,13
2189,14
2190,13
2191,26
2192,14
2193,19
2194,17
2195,18
2196,24
2197,22
2198,13
2199,15
2200,14
2201,16
2202,19
2203,12
2204,14
2205,16
2206,23
2207,21
2208,20
2209,19
2210,20
2211,15
2212,11
2213,21
2214,19
2215,19
2216,17
2217,12
2218,23
2219,8
2220,14
2221,24
2222,14
2223,20
2224,20
2225,10
2226,11
2227,23
2228,17
2229,14
2230,18
2231,11
2232,16
2233,24
2234,18
2235,13
2236,13
2237,16
2238,21
2239,22
2240,23
2241,19
2242,17
2243,21
2244,16
2245,14
2246,18
2247,16
2248,14
2249,18
2250,15
2251,22
2252,20
2253,23
2254,19
2255,16
2256,25
2257,16
2258,23
2259,20
2260,21
2261,18
2262,17
2263,21
2264,17
2265,18
2266,23
2267,14
2268,16
2269,11
2270,15
2271,15
2272,19
2273,10
2274,21
2275,17
2276,26
2277,25
2278,10
2279,14
2280,13
2281,17
2282,19
2283,24
2284,15
2285,12
2286,15
2287,21
2288,13
2289,15
2290,23
2291,21
2292,11
2293,15
2294,20
2295,23
2296,13
2297,17
2298,12
2299,14
2300,25
2301,11
2302,18
2303,12
2304,20
2305,23
2306,20
2307,21
2308,15
2309,15
2310,21
2311,17
2312,25
2313,14
2314,17
2315,17
2316,12
2317,22
2318,14
2319,21
2320,23
2321,13
2322,20
2323,16
2324,15
2325,19
2326,12
2327,10
2328,21
2329,25
2330,14
2331,14
2332,20
2333,18
2334,16
2335,11
2336,12
2337,15
2338,22
2339,11
2340,21
2341,16
2342,24
2343,17
2344,17
2345,17
2346,16
2347,20
2348,16
2349,15
2350,17
2351,18
2352,23
2353,11
2354,14
2355,16
2356,17
2357,16
2358,18
2359,11
2360,16
2361,17
2362,8
2363,15
2364,14
2365,12
2366,19
2367,16
2368,12
2369,11
2370,12
2371,12
2372,21
2373,10
2374,21
2375,15
2376,15
2377,18
2378,22
2379,15
2380,11
2381,20
2382,11
2383,18
2384,20
2385,17
2386,12
2387,18
2388,15
2389,11
2390,19
2391,8
2392,13
2393,14
2394,15
2395,18
2396,8
2397,18
2398,16
2399,14
2400,17
2401,14
2402,27
2403,10
2404,15
2405,14
2406,11
2407,15
2408,17
2409,14
2410,20
2411,15
2412,11
2413,16
2414,14
2415,12
2416,10
2417,18
2418,13
2419,13
2420,20
2421,18
2422,20
2423,12
2424,20
2425,15
2426,11
2427,20
2428,14
2429,13
2430,13
2431,17
2432,18
2433,19
2434,9
2435,13
2436,16
2437,14
2438,15
2439,12
2440,10
2441,14
2442,15
2443,15
2444,11
2445,12
2446,15
2447,13
2448,15
2449,14
2450,9
2451,16
2452,14
2453,16
2454,19
2455,13
2456,11
2457,14
2458,15
2459,10
2460,21
2461,16
2462,16
2463,21
2464,18
2465,9
2466,14
2467,10
2468,25
2469,15
2470,19
2471,13
2472,13
2473,9
2474,13
2475,17
2476,18
2477,11
2478,16
2479,13
2480,12
2481,9
2482,12
2483,10
2484,21
2485,18
2486,20
2487,17
2488,17
2489,16
2490,23
2491,17
2492,15
2493,22
2494,11
2495,20
2496,14
2497,10
2498,15
2499,16
2500,16
2501,7
2502,13
2503,14
2504,10
2505,17
2506,12
2507,12
2508,17
2509,11
2510,12
2511,12
2512,9
2513,8
2514,20
2515,11
2516,15
2517,13
2518,19
2519,19
2520,15
2521,12
2522,14
2523,16
2524,13
2525,16
2526,17
2527,16
2528,18
2529,13
2530,10
2531,16
2532,10
2533,15
2534,20
2535,17
2536,20
2537,19
2538,13
2539,17
2540,11
2541,19
2542,15
2543,19
2544,12
2545,12
2546,16
2547,17
2548,15
2549,15
2550,16
2551,13
2552,19
2553,6
2554,16
2555,17
2556,13
2557,17
2558,8
2559,13
2560,20
2561,13
2562,13
2563,9
2564,15
2565,8
2566,16
2567,10
2568,14
2569,8
2570,20
2571,17
2572,10
2573,24
2574,14
2575,20
2576,10
2577,14
2578,14
2579,13
2580,10
2581,15
2582,21
2583,17
2584,15
2585,13
2586,15
2587,21
2588,20
2589,11
2590,9
2591,17
2592,9
2593,19
2594,22
2595,22
2596,8
2597,18
2598,13
2599,18
2600,20
2601,13
2602,11
2603,12
2604,9
2605,19
2606,18
2607,16
2608,16
2609,17
2610,13
2611,21
2612,11
2613,14
2614,6
2615,15
2616,7
2617,4
2618,17
2619,10
2620,9
2621,13
2622,9
2623,13
2624,9
2625,9
2626,11
2627,8
2628,10
2629,15
2630,17
2631,13
2632,15
2633,25
2634,12
2635,9
2636,16
2637,10
2638,11
2639,7
2640,12
2641,6
2642,18
2643,16
2644,12
2645,9
2646,14
2647,17
2648,20
2649,10
2650,15
2651,8
2652,17
2653,11
2654,14
2655,15
2656,9
2657,14
2658,14
2659,12
2660,14
2661,17
2662,11
2663,14
2664,6
2665,12
2666,11
2667,11
2668,8
2669,11
2670,21
2671,8
2672,17
2673,9
2674,11
2675,12
2676,16
2677,13
2678,13
2679,9
2680,10
2681,15
2682,16
2683,16
2684,8
2685,8
2686,6
2687,12
2688,6
2689,11
2690,17
2691,17
2692,15
2693,12
2694,12
2695,11
2696,9
2697,15
2698,10
2699,10
2700,15
2701,17
2702,16
2703,9
2704,17
2705,19
2706,14
2707,8
2708,15
2709,12
2710,14
2711,15
2712,11
2713,6
2714,11
2715,15
2716,9
2717,17
2718,13
2719,13
2720,13
2721,8
2722,11
2723,13
2724,10
2725,14
2726,14
2727,7
2728,10
2729,14
2730,14
2731,8
2732,7
2733,12
2734,14
2735,11
2736,18
2737,13
2738,13
2739,18
2740,13
2741,17
2742,12
2743,8
2744,12
2745,6
2746,11
2747,14
2748,8
2749,16
2750,6
2751,6
2752,11
2753,15
2754,8
2755,14
2756,6
2757,9
2758,15
2759,12
2760,21
2761,7
2762,14
2763,10
2764,5
2765,7
2766,9
2767,5
2768,10
2769,7
2770,11
2771,11
2772,14
2773,14
2774,7
2775,12
2776,8
2777,10
2778,11
2779,13
2780,10
2781,13
2782,13
2783,10
2784,16
2785,10
2786,10
2787,17
2788,13
2789,6
2790,10
2791,5
2792,18
2793,11
2794,12
2795,11
2796,17
2797,15
2798,14
2799,15
2800,9
2801,10
2802,12
2803,13
2804,10
2805,11
2806,10
2807,19
2808,10
2809,11
2810,11
2811,17
2812,11
2813,19
2814,8
2815,12
2816,7
2817,16
2818,8
2819,11
2820,11
2821,11
2822,15
2823,9
2824,15
2825,20
2826,8
2827,9
2828,12
2829,11
2830,13
2831,8
2832,10
2833,7
2834,11
2835,12
2836,15
2837,5
2838,10
2839,14
2840,22
2841,11
2842,12
2843,16
2844,15
2845,16
2846,18
2847,14
2848,9
2849,12
2850,12
2851,9
2852,12
2853,1
2854,15
2855,7
2856,15
2857,12
2858,8
2859,7
2860,12
2861,8
2862,12
2863,7
2864,11
2865,14
2866,9
2867,10
2868,7
2869,9
2870,7
2871,12
2872,14
2873,14
2874,7
2875,11
2876,8
2877,11
2878,11
2879,4
2880,13
2881,15
2882,14
2883,11
2884,11
2885,13
2886,6
2887,13
2888,11
2889,3
2890,8
2891,13
2892,17
2893,12
2894,12
2895,13
2896,11
2897,7
2898,11
2899,5
2900,4
2901,6
2902,9
2903,15
2904,14
2905,11
2906,16
2907,16
2908,12
2909,8
2910,9
2911,6
2912,11
2913,14
2914,12
2915,6
2916,11
2917,8
2918,9
2919,11
2920,3
2921,10
2922,9
2923,15
2924,11
2925,13
2926,11
2927,12
2928,12
2929,11
2930,8
2931,11
2932,4
2933,12
2934,10
2935,12
2936,2
2937,7
2938,13
2939,13
2940,10
2941,4
2942,14
2943,15
2944,11
2945,16
2946,6
2947,13
2948,8
2949,19
2950,16
2951,11
2952,4
2953,17
2954,14
2955,5
2956,17
2957,12
2958,7
2959,15
2960,10
2961,12
2962,13
2963,13
2964,11
2965,10
2966,11
2967,11
2968,11
2969,16
2970,14
2971,11
2972,13
2973,14
2974,10
2975,12
2976,8
2977,8
2978,9
2979,13
2980,15
2981,9
2982,9
2983,13
2984,15
2985,9
2986,9
2987,14
2988,15
2989,11
2990,16
2991,10
2992,13
2993,11
2994,15
2995,11
2996,7
2997,17
2998,7
2999,9
3000,14
3001,3
3002,17
3003,10
3004,8
3005,11
3006,9
3007,13
3008,12
3009,7
3010,7
3011,12
3012,6
3013,11
3014,14
3015,15
3016,12
3017,15
3018,5
3019,14
3020,10
3021,5
3022,15
3023,10
3024,10
3025,13
3026,15
3027,4
3028,12
3029,12
3030,10
3031,8
3032,9
3033,8
3034,9
3035,11
3036,14
3037,13
3038,9
3039,19
3040,15
3041,10
3042,8
3043,10
3044,6
3045,9
3046,7
3047,8
3048,9
3049,5
3050,14
3051,9
3052,11
3053,6
3054,6
3055,17
3056,11
3057,8
3058,14
3059,11
3060,9
3061,13
3062,9
3063,7
3064,11
3065,6
3066,8
3067,8
3068,14
3069,10
3070,12
3071,9
3072,12
3073,11
3074,8
3075,13
3076,11
3077,11
3078,12
3079,5
3080,9
3081,12
3082,7
3083,15
3084,9
3085,5
3086,8
3087,8
3088,8
3089,10
3090,11
3091,7
3092,7
3093,8
3094,6
3095,6
3096,10
3097,11
3098,7
3099,9
3100,10
3101,10
3102,10
3103,14
3104,8
3105,13
3106,11
3107,17
3108,11
3109,6
3110,11
3111,12
3112,13
3113,9
3114,5
3115,8
3116,11
3117,15
3118,8
3119,10
3120,9
3121,11
3122,4
3123,9
3124,9
3125,12
3126,13
3127,4
3128,9
3129,7
3130,10
3131,11
3132,10
3133,9
3134,10
3135,14
3136,11
3137,3
3138,7
3139,4
3140,11
3141,13
3142,7
3143,12
3144,6
3145,8
3146,19
3147,11
3148,11
3149,6
3150,5
3151,6
3152,10
3153,12
3154,15
3155,8
3156,5
3157,18
3158,5
3159,9
3160,7
3161,4
3162,5
3163,11
3164,5
3165,9
3166,9
3167,7
3168,8
3169,14
3170,15
3171,8
3172,3
3173,12
3174,7
3175,13
3176,11
3177,7
3178,4
3179,11
3180,10
3181,7
3182,14
3183,11
3184,10
3185,15
3186,10
3187,15
3188,10
3189,7
3190,14
3191,8
3192,12
3193,9
3194,13
3195,7
3196,5
3197,6
3198,0
3199,9
3200,17
3201,3
3202,5
3203,6
3204,8
3205,9
3206,10
3207,2
3208,13
3209,5
3210,5
3211,11
3212,9
3213,5
3214,8
3215,13
3216,10
3217,9
3218,9
3219,8
3220,8
3221,6
3222,6
3223,4
3224,2
3225,10
3226,7
3227,6
3228,11
3229,4
3230,10
3231,9
3232,15
3233,9
3234,11
3235,6
3236,3
3237,7
3238,6
3239,12
3240,11
3241,12
3242,10
3243,15
3244,9
3245,8
3246,12
3247,10
3248,11
3249,9
3250,12
3251,9
3252,4
3253,11
3254,14
3255,11
3256,13
3257,9
3258,8
3259,11
3260,13
3261,11
3262,10
3263,5
3264,7
3265,10
3266,9
3267,6
3268,7
3269,8
3270,6
3271,3
3272,11
3273,6
3274,10
3275,9
3276,12
3277,11
3278,8
3279,11
3280,14
3281,9
3282,11
3283,3
3284,12
3285,4
3286,4
3287,6
3288,8
3289,6
3290,5
3291,5
3292,15
3293,13
3294,5
3295,7
3296,7
3297,4
3298,5
3299,9
3300,9
3301,10
3302,7
3303,8
3304,10
3305,9
3306,9
3307,4
3308,9
3309,5
3310,6
3311,10
3312,8
3313,8
3314,7
3315,5
3316,13
3317,5
3318,8
3319,9
3320,7
3321,5
3322,7
3323,8
3324,9
3325,8
3326,12
3327,16
3328,10
3329,5
3330,7
3331,8
3332,9
3333,7
3334,9
3335,3
3336,9
3337,9
3338,6
3339,6
3340,8
3341,9
3342,4
3343,14
3344,9
3345,3
3346,7
3347,5
3348,10
3349,11
3350,11
3351,12
3352,6
3353,10
3354,10
3355,8
3356,10
3357,5
3358,8
3359,6
3360,18
3361,8
3362,9
3363,12
3364,3
3365,8
3366,11
3367,9
3368,7
3369,11
3370,7
3371,7
3372,8
3373,4
3374,7
3375,10
3376,6
3377,3
3378,10
3379,9
3380,7
3381,8
3382,15
3383,8
3384,8
3385,7
3386,11
3387,10
3388,6
3389,13
3390,14
3391,10
3392,11
3393,6
3394,5
3395,7
3396,7
3397,10
3398,8
3399,12
3400,7
3401,6
3402,7
3403,13
3404,5
3405,8
3406,3
3407,5
3408,5
3409,8
3410,8
3411,9
3412,11
3413,7
3414,9
3415,7
3416,6
3417,12
3418,12
3419,7
3420,7
3421,9
3422,5
3423,7
3424,6
3425,7
3426,11
3427,5
3428,3
3429,5
3430,3
3431,5
3432,8
3433,11
3434,7
3435,6
3436,5
3437,3
3438,12
3439,10
3440,10
3441,13
3442,6
3443,8
3444,14
3445,5
3446,4
3447,5
3448,7
3449,10
3450,10
3451,12
3452,8
3453,7
3454,6
3455,5
3456,5
3457,7
3458,8
3459,10
3460,10
3461,7
3462,7
3463,7
3464,9
3465,9
3466,9
3467,8
3468,7
3469,9
3470,11
3471,6
3472,10
3473,11
3474,6
3475,8
3476,5
3477,5
3478,9
3479,4
3480,13
3481,9
3482,9
3483,6
3484,8
3485,9
3486,10
3487,6
3488,9
3489,5
3490,12
3491,9
3492,5
3493,8
3494,5
3495,5
3496,14
3497,5
3498,6
3499,10
3500,5
3501,8
3502,3
3503,9
3504,10
3505,8
3506,8
3507,9
3508,6
3509,7
3510,3
3511,9
3512,12
3513,12
3514,5
3515,7
3516,5
3517,5
3518,4
3519,7
3520,11
3521,7
3522,6
3523,3
3524,8
3525,11
3526,4
3527,12
3528,5
3529,6
3530,7
3531,11
3532,12
3533,9
3534,10
3535,5
3536,7
3537,7
3538,10
3539,6
3540,9
3541,8
3542,4
3543,13
3544,8
3545,10
3546,14
3547,8
3548,9
3549,9
3550,4
3551,10
3552,12
3553,8
3554,11
3555,10
3556,8
3557,6
3558,5
3559,7
3560,5
3561,6
3562,7
3563,9
3564,14
3565,7
3566,9
3567,7
3568,6
3569,7
3570,11
3571,4
3572,10
3573,9
3574,4
3575,7
3576,13
3577,6
3578,3
3579,7
3580,8
3581,4
3582,8
3583,7
3584,9
3585,9
3586,6
3587,7
3588,9
3589,7
3590,6
3591,10
3592,4
3593,6
3594,7
3595,6
3596,3
3597,8
3598,11
3599,7
3600,9
3601,5
3602,6
3603,5
3604,13
3605,5
3606,6
3607,8
3608,6
3609,8
3610,9
3611,8
3612,11
3613,7
3614,9
3615,8
3616,7
3617,7
3618,4
3619,10
3620,9
3621,8
3622,8
3623,10
3624,4
3625,4
3626,9
3627,8
3628,7
3629,4
3630,4
3631,5
3632,11
3633,6
3634,6
3635,7
3636,3
3637,6
3638,9
3639,9
3640,8
3641,2
3642,5
3643,8
3644,10
3645,4
3646,8
3647,8
3648,4
3649,4
3650,6
3651,10
3652,4
3653,8
3654,7
3655,10
3656,7
3657,5
3658,5
3659,7
3660,9
3661,2
3662,8
3663,8
3664,3
3665,7
3666,13
3667,13
3668,8
3669,11
3670,11
3671,4
3672,4
3673,10
3674,7
3675,9
3676,12
3677,7
3678,6
3679,5
3680,6
3681,9
3682,6
3683,10
3684,2
3685,9
3686,6
3687,5
3688,15
3689,4
3690,9
3691,5
3692,6
3693,7
3694,7
3695,9
3696,7
3697,5
3698,9
3699,5
3700,8
3701,4
3702,11
3703,5
3704,8
3705,3
3706,4
3707,8
3708,9
3709,6
3710,2
3711,3
3712,9
3713,2
3714,14
3715,6
3716,7
3717,7
3718,5
3719,5
3720,6
3721,7
3722,7
3723,3
3724,4
3725,9
3726,5
3727,13
3728,4
3729,8
3730,5
3731,5
3732,6
3733,2
3734,3
3735,8
3736,8
3737,10
3738,8
3739,6
3740,6
3741,7
3742,8
3743,8
3744,11
3745,4
3746,8
3747,11
3748,7
3749,3
3750,7
3751,6
3752,10
3753,3
3754,9
3755,7
3756,5
3757,8
3758,3
3759,4
3760,6
3761,5
3762,5
3763,6
3764,8
3765,7
3766,2
3767,10
3768,6
3769,6
3770,2
3771,8
3772,5
3773,8
3774,6
3775,6
3776,3
3777,13
3778,2
3779,9
3780,4
3781,4
3782,7
3783,10
3784,4
3785,9
3786,8
3787,7
3788,10
3789,8
3790,5
3791,11
3792,6
3793,7
3794,9
3795,3
3796,7
3797,3
3798,7
3799,3
3800,9
3801,3
3802,11
3803,6
3804,11
3805,13
3806,7
3807,6
3808,2
3809,6
3810,8
3811,6
3812,7
3813,13
3814,3
3815,5
3816,5
3817,5
3818,5
3819,11
3820,5
3821,14
3822,9
3823,5
3824,3
3825,4
3826,3
3827,11
3828,5
3829,5
3830,7
3831,8
3832,4
3833,7
3834,10
3835,6
3836,2
3837,8
3838,5
3839,2
3840,7
3841,2
3842,4
3843,9
3844,2
3845,4
3846,3
3847,7
3848,9
3849,9
3850,10
3851,6
3852,10
3853,10
3854,5
3855,2
3856,3
3857,8
3858,4
3859,7
3860,6
3861,3
3862,5
3863,5
3864,6
3865,8
3866,8
3867,6
3868,2
3869,6
3870,3
3871,6
3872,7
3873,3
3874,2
3875,8
3876,7
3877,6
3878,8
3879,2
3880,8
3881,9
3882,7
3883,1
3884,7
3885,6
3886,2
3887,6
3888,5
3889,4
3890,4
3891,4
3892,8
3893,7
3894,4
3895,5
3896,9
3897,6
3898,3
3899,1
3900,7
3901,4
3902,10
3903,8
3904,8
3905,2
3906,6
3907,8
3908,2
3909,5
3910,3
3911,5
3912,7
3913,6
3914,7
3915,6
3916,3
3917,7
3918,3
3919,10
3920,4
3921,7
3922,1
3923,4
3924,6
3925,7
3926,3
3927,5
3928,7
3929,8
3930,4
3931,4
3932,8
3933,4
3934,6
3935,6
3936,8
3937,2
3938,9
3939,3
3940,6
3941,4
3942,12
3943,10
3944,10
3945,2
3946,3
3947,8
3948,5
3949,4
3950,4
3951,3
3952,3
3953,5
3954,7
3955,5
3956,8
3957,7
3958,10
3959,2
3960,8
3961,8
3962,7
3963,9
3964,3
3965,5
3966,7
3967,3
3968,6
3969,4
3970,6
3971,2
3972,0
3973,6
3974,2
3975,3
3976,5
3977,6
3978,8
3979,5
3980,5
3981,2
3982,4
3983,8
3984,9
3985,5
3986,5
3987,5
3988,8
3989,3
3990,6
3991,9
3992,6
3993,3
3994,3
3995,7
3996,2
3997,5
3998,6
3999,5
4000,10
4001,6
4002,5
4003,7
4004,4
4005,5
4006,6
4007,5
4008,10
4009,8
4010,6
4011,6
4012,8
4013,6
4014,5
4015,2
4016,10
4017,5
4018,15
4019,4
4020,2
4021,6
4022,4
4023,7
4024,5
4025,5
4026,6
4027,4
4028,2
4029,8
4030,8
4031,3
4032,7
4033,2
4034,8
4035,9
4036,2
4037,6
4038,5
4039,9
4040,3
4041,7
4042,1
4043,4
4044,6
4045,7
4046,4
4047,5
4048,9
4049,4
4050,8
4051,5
4052,12
4053,10
4054,4
4055,9
4056,7
4057,4
4058,5
4059,6
4060,6
4061,4
4062,5
4063,6
4064,6
4065,3
4066,8
4067,3
4068,6
4069,6
4070,8
4071,4
4072,5
4073,4
4074,6
4075,4
4076,9
4077,5
4078,6
4079,7
4080,5
4081,4
4082,4
4083,3
4084,6
4085,7
4086,8
4087,4
4088,4
4089,4
4090,4
4091,6
4092,7
4093,4
4094,7
4095,6
4096,6
4097,8
4098,5
4099,5
4100,10
4101,5
4102,4
4103,7
4104,3
4105,5
4106,6
4107,3
4108,5
4109,6
4110,5
4111,4
4112,4
4113,7
4114,7
4115,4
4116,3
4117,8
4118,5
4119,3
4120,8
4121,6
4122,5
4123,11
4124,3
4125,4
4126,3
4127,5
4128,7
4129,5
4130,5
4131,4
4132,5
4133,4
4134,9
4135,11
4136,4
4137,11
4138,4
4139,2
4140,2
4141,5
4142,5
4143,5
4144,7
4145,9
4146,5
4147,5
4148,3
4149,8
4150,6
4151,9
4152,11
4153,3
4154,7
4155,8
4156,7
4157,4
4158,4
4159,5
4160,2
4161,5
4162,3
4163,9
4164,7
4165,6
4166,5
4167,5
4168,5
4169,6
4170,3
4171,5
4172,4
4173,8
4174,7
4175,3
4176,6
4177,6
4178,2
4179,4
4180,4
4181,2
4182,8
4183,4
4184,5
4185,1
4186,8
4187,5
4188,3
4189,8
4190,4
4191,8
4192,7
4193,4
4194,4
4195,1
4196,4
4197,4
4198,6
4199,7
4200,3
4201,4
4202,5
4203,4
4204,5
4205,1
4206,1
4207,6
4208,8
4209,9
4210,7
4211,5
4212,8
4213,7
4214,4
4215,3
4216,2
4217,1
4218,3
4219,6
4220,3
4221,5
4222,7
4223,6
4224,5
4225,10
4226,6
4227,6
4228,10
4229,4
4230,5
4231,6
4232,5
4233,6
4234,5
4235,6
4236,5
4237,6
4238,5
4239,6
4240,3
4241,4
4242,4
4243,4
4244,4
4245,3
4246,7
4247,3
4248,6
4249,6
4250,3
4251,2
4252,3
4253,9
4254,1
4255,3
4256,7
4257,6
4258,8
4259,1
4260,7
4261,9
4262,7
4263,7
4264,6
4265,7
4266,2
4267,1
4268,5
4269,3
4270,2
4271,11
4272,8
4273,3
4274,6
4275,4
4276,6
4277,6
4278,3
4279,4
4280,10
4281,3
4282,5
4283,5
4284,7
4285,7
4286,8
4287,5
4288,4
4289,2
4290,7
4291,2
4292,4
4293,6
4294,6
4295,5
4296,8
4297,5
4298,5
4299,7
4300,6
4301,6
4302,5
4303,5
4304,7
4305,7
4306,6
4307,4
4308,9
4309,3
4310,4
4311,4
4312,4
4313,7
4314,8
4315,4
4316,5
4317,6
4318,3
4319,5
4320,3
4321,5
4322,4
4323,9
4324,8
4325,4
4326,8
4327,6
4328,3
4329,2
4330,6
4331,6
4332,8
4333,12
4334,7
4335,4
4336,6
4337,4
4338,7
4339,5
4340,3
4341,6
4342,4
4343,6
4344,5
4345,4
4346,4
4347,3
4348,10
4349,6
4350,5
4351,7
4352,2
4353,7
4354,1
4355,3
4356,2
4357,2
4358,3
4359,5
4360,7
4361,6
4362,6
4363,7
4364,3
4365,3
4366,2
4367,7
4368,5
4369,3
4370,6
4371,0
4372,5
4373,7
4374,4
4375,5
4376,10
4377,4
4378,4
4379,10
4380,4
4381,7
4382,6
4383,6
4384,3
4385,4
4386,4
4387,6
4388,5
4389,6
4390,4
4391,4
4392,2
4393,2
4394,1
4395,7
4396,2
4397,9
4398,4
4399,2
4400,3
4401,4
4402,4
4403,6
4404,4
4405,8
4406,8
4407,5
4408,3
4409,5
4410,2
4411,3
4412,4
4413,3
4414,3
4415,3
4416,5
4417,6
4418,6
4419,5
4420,6
4421,5
4422,6
4423,1
4424,3
4425,4
4426,2
4427,4
4428,3
4429,7
4430,4
4431,4
4432,6
4433,5
4434,2
4435,6
4436,4
4437,0
4438,8
4439,8
4440,4
4441,3
4442,6
4443,4
4444,4
4445,6
4446,4
4447,6
4448,5
4449,3
4450,6
4451,5
4452,3
4453,6
4454,4
4455,9
4456,5
4457,10
4458,4
4459,6
4460,4
4461,2
4462,5
4463,7
4464,3
4465,2
4466,4
4467,12
4468,4
4469,11
4470,8
4471,4
4472,4
4473,8
4474,3
4475,7
4476,3
4477,3
4478,2
4479,5
4480,6
4481,9
4482,4
4483,3
4484,5
4485,2
4486,6
4487,8
4488,4
4489,2
4490,5
4491,1
4492,6
4493,4
4494,3
4495,2
4496,8
4497,2
4498,3
4499,3
4500,2
4501,4
4502,6
4503,4
4504,6
4505,6
4506,6
4507,3
4508,7
4509,0
4510,6
4511,5
4512,3
4513,6
4514,8
4515,2
4516,7
4517,3
4518,3
4519,6
4520,8
4521,5
4522,8
4523,2
4524,4
4525,2
4526,4
4527,5
4528,7
4529,5
4530,4
4531,4
4532,4
4533,9
4534,8
4535,3
4536,2
4537,6
4538,4
4539,4
4540,2
4541,5
4542,3
4543,5
4544,6
4545,3
4546,3
4547,5
4548,7
4549,4
4550,3
4551,3
4552,5
4553,3
4554,7
4555,5
4556,2
4557,4
4558,1
4559,3
4560,3
4561,4
4562,1
4563,4
4564,5
4565,6
4566,5
4567,2
4568,5
4569,3
4570,1
4571,2
4572,3
4573,2
4574,4
4575,6
4576,2
4577,4
4578,4
4579,7
4580,7
4581,4
4582,8
4583,4
4584,4
4585,8
4586,5
4587,2
4588,1
4589,5
4590,4
4591,2
4592,3
4593,4
4594,5
4595,1
4596,2
4597,5
4598,9
4599,1
4600,5
4601,1
4602,10
4603,10
4604,6
4605,5
4606,9
4607,3
4608,8
4609,3
4610,7
4611,3
4612,7
4613,10
4614,8
4615,6
4616,6
4617,5
4618,4
4619,5
4620,7
4621,4
4622,3
4623,6
4624,4
4625,7
4626,3
4627,5
4628,3
4629,7
4630,7
4631,8
4632,3
4633,5
4634,1
4635,5
4636,8
4637,3
4638,5
4639,3
4640,4
4641,7
4642,8
4643,3
4644,1
4645,8
4646,6
4647,6
4648,1
4649,6
4650,8
4651,3
4652,1
4653,6
4654,6
4655,5
4656,7
4657,5
4658,11
4659,7
4660,4
4661,3
4662,6
4663,5
4664,4
4665,3
4666,4
4667,2
4668,2
4669,4
4670,4
4671,7
4672,5
4673,2
4674,7
4675,5
4676,5
4677,3
4678,5
4679,9
4680,9
4681,4
4682,5
4683,4
4684,4
4685,3
4686,5
4687,0
4688,8
4689,3
4690,7
4691,6
4692,4
4693,4
4694,5
4695,3
4696,5
4697,4
4698,4
4699,8
4700,6
4701,4
4702,4
4703,6
4704,5
4705,4
4706,5
4707,10
4708,7
4709,4
4710,2
4711,6
4712,4
4713,5
4714,2
4715,5
4716,3
4717,3
4718,4
4719,7
4720,2
4721,6
4722,6
4723,5
4724,5
4725,8
4726,7
4727,5
4728,6
4729,6
4730,4
4731,6
4732,6
4733,4
4734,6
4735,6
4736,5
4737,8
4738,3
4739,7
4740,4
4741,2
4742,4
4743,2
4744,4
4745,3
4746,3
4747,10
4748,2
4749,12
4750,4
4751,4
4752,3
4753,5
4754,8
4755,5
4756,0
4757,5
4758,1
4759,3
4760,4
4761,3
4762,6
4763,5
4764,3
4765,6
4766,2
4767,3
4768,4
4769,4
4770,6
4771,4
4772,5
4773,5
4774,5
4775,6
4776,7
4777,3
4778,3
4779,3
4780,4
4781,5
4782,1
4783,2
4784,4
4785,1
4786,2
4787,4
4788,3
4789,7
4790,6
4791,5
4792,8
4793,3
4794,2
4795,2
4796,4
4797,2
4798,2
4799,2
4800,4
4801,4
4802,0
4803,4
4804,4
4805,1
4806,3
4807,2
4808,2
4809,5
4810,2
4811,7
4812,4
4813,3
4814,6
4815,4
4816,5
4817,2
4818,10
4819,4
4820,5
4821,3
4822,4
4823,1
4824,3
4825,6
4826,7
4827,5
4828,4
4829,6
4830,2
4831,6
4832,7
4833,7
4834,6
4835,4
4836,4
4837,5
4838,3
4839,8
4840,5
4841,4
4842,4
4843,0
4844,2
4845,4
4846,1
4847,4
4848,6
4849,6
4850,4
4851,3
4852,3
4853,1
4854,8
4855,4
4856,5
4857,6
4858,0
4859,3
4860,4
4861,4
4862,2
4863,4
4864,3
4865,4
4866,3
4867,9
4868,3
4869,3
4870,6
4871,4
4872,5
4873,4
4874,4
4875,3
4876,1
4877,5
4878,7
4879,7
4880,4
4881,4
4882,3
4883,2
4884,1
4885,6
4886,4
4887,6
4888,2
4889,3
4890,5
4891,1
4892,1
4893,3
4894,2
4895,4
4896,2
4897,3
4898,5
4899,4
4900,3
4901,3
4902,2
4903,4
4904,3
4905,6
4906,5
4907,4
4908,2
4909,2
4910,2
4911,2
4912,2
4913,2
4914,2
4915,4
4916,6
4917,5
4918,3
4919,7
4920,6
4921,7
4922,4
4923,3
4924,7
4925,4
4926,2
4927,3
4928,3
4929,2
4930,2
4931,3
4932,3
4933,6
4934,5
4935,3
4936,4
4937,3
4938,3
4939,1
4940,3
4941,4
4942,4
4943,4
4944,6
4945,0
4946,4
4947,1
4948,5
4949,2
4950,8
4951,3
4952,2
4953,6
4954,1
4955,5
4956,3
4957,4
4958,0
4959,4
4960,5
4961,3
4962,1
4963,0
4964,4
4965,0
4966,2
4967,8
4968,5
4969,5
4970,2
4971,6
4972,4
4973,1
4974,8
4975,8
4976,3
4977,3
4978,0
4979,5
4980,6
4981,7
4982,6
4983,6
4984,5
4985,3
4986,4
4987,8
4988,4
4989,3
4990,4
4991,5
4992,6
4993,2
4994,4
4995,1
4996,0
4997,2
4998,2
